Fall 2021-2022(202210),10006,ACCT,210,1,Financial Accounting,3,3,SB,40,0,0930,1045,OSB,230,M,.,W,.,.,.,.,.,.,.,.,.,.,.,.,.,.,.,Bassima,Hout,,,
Fall 2021-2022(202210),10007,ACCT,210,10,Financial Accounting,3,3,SB,39,1,1400,1515,OSB,227,.,T,.,R,.,.,.,.,.,.,.,.,.,.,.,.,.,.,Abdeljalil,Ghanem,,,
Fall 2021-2022(202210),10008,ACCT,210,2,Financial Accounting,3,3,SB,39,1,1100,1215,OSB,216,M,.,W,.,.,.,.,.,.,.,.,.,.,.,.,.,.,.,Sana,El Hajj,,,
Fall 2021-2022(202210),10009,ACCT,210,3,Financial Accounting,3,3,SB,40,0,1230,1345,OSB,233,M,.,W,.,.,.,.,.,.,.,.,.,.,.,.,.,.,.,Sana,El Hajj,,,
Fall 2021-2022(202210),10010,ACCT,210,4,Financial Accounting,3,3,SB,40,0,1530,1645,OSB,226,M,.,W,.,.,.,.,.,.,.,.,.,.,.,.,.,.,.,Ali,Charif,,,
Fall 2021-2022(202210),10011,ACCT,210,5,Financial Accounting,3,3,SB,34,6,1530,1645,OSB,233,.,T,.,R,.,.,.,.,.,.,.,.,.,.,.,.,.,.,Abdeljalil,Ghanem,,,
Fall 2021-2022(202210),10012,ACCT,210,6,Financial Accounting,3,3,SB,38,2,1700,1815,OSB,233,.,T,.,R,.,.,.,.,.,.,.,.,.,.,.,.,.,.,Abdeljalil,Ghanem,,,
Fall 2021-2022(202210),10013,ACCT,210,7,Financial Accounting,3,3,SB,37,3,0930,1045,OSB,227,.,T,.,R,.,.,.,.,.,.,.,.,.,.,.,.,.,.,Bassima,Hout,,,
Fall 2021-2022(202210),10014,ACCT,210,8,Financial Accounting,3,3,SB,38,2,1100,1215,OSB,238,.,T,.,R,.,.,.,.,.,.,.,.,.,.,.,.,.,.,Bassima,Hout,,,
Fall 2021-2022(202210),10015,ACCT,210,9,Financial Accounting,3,3,SB,38,2,1230,1345,OSB,241,.,T,.,R,.,.,.,.,.,.,.,.,.,.,.,.,.,.,Sana,El Hajj,,,
Fall 2021-2022(202210),10016,ACCT,215,1,Management Accounting,3,3,SB,34,-4,0930,1045,OSB,233,M,.,W,.,.,.,.,.,.,.,.,.,.,.,.,.,.,.,Antoine,Wakim,,,
Fall 2021-2022(202210),10017,ACCT,215,2,Management Accounting,3,3,SB,38,-8,1230,1345,OSB,241,M,.,W,.,.,.,.,.,.,.,.,.,.,.,.,.,.,.,Rania,Uwaydah Mardini,,,
Fall 2021-2022(202210),10018,ACCT,215,3,Management Accounting,3,3,SB,37,-7,1100,1215,OSB,227,.,T,.,R,.,.,.,.,.,.,.,.,.,.,.,.,.,.,Mohamad,Mazboudi,,,
Fall 2021-2022(202210),10019,ACCT,215,4,Management Accounting,3,3,SB,36,-6,1230,1345,OSB,227,.,T,.,R,.,.,.,.,.,.,.,.,.,.,.,.,.,.,Mohamad,Mazboudi,,,
Fall 2021-2022(202210),10020,ACCT,221,1,Intermed. Financial Account. I,3,3,SB,7,28,1100,1215,OSB,230,M,.,W,.,.,.,.,.,.,.,.,.,.,.,.,.,.,.,Bassima,Hout,,,
Fall 2021-2022(202210),10021,ACCT,223,1,Intermed.Financial Account.II,3,3,SB,18,17,1230,1345,OSB,233,.,T,.,R,.,.,.,.,.,.,.,.,.,.,.,.,.,.,Abdeljalil,Ghanem,,,
Fall 2021-2022(202210),10022,ACCT,231,1,Fraud Examinat.&Internal Audit,3,3,SB,14,21,0930,1045,OSB,241,.,T,.,R,.,.,.,.,.,.,.,.,.,.,.,.,.,.,Rania,Uwaydah Mardini,,,
Fall 2021-2022(202210),10023,ACCT,250R,1,Financial Statements Analysis,3,3,SB,14,1,1400,1515,OSB,241,M,.,W,.,.,.,.,.,.,.,.,.,.,.,.,.,.,.,Rania,Uwaydah Mardini,,,
Fall 2021-2022(202210),10024,ACCT,301,1,Finan.Reporting & Analysis,3,3,SB,38,4,1800,2030,OSB,230,.,.,.,R,.,.,.,.,.,.,.,.,.,.,.,.,.,.,Rania,Uwaydah Mardini,,,
Fall 2021-2022(202210),10001,ACCT,301,9,Finan.Reporting & Analysis,3,3,SB,9,31,.,.,.,.,.,.,.,.,.,.,.,.,.,.,.,.,.,.,.,.,.,.,Rania,Uwaydah Mardini,,,
Fall 2021-2022(202210),10025,AGBU,211,1,Intr.to Agric.Issues &Policies,3,3,AG,22,18,1200,1250,AGRIC,211,M,.,W,.,F,.,.,.,.,.,.,.,.,.,.,.,.,.,Youssef,Doughan,,,
Fall 2021-2022(202210),10026,AGBU,213,1,Legal Aspects of Agribusiness,3,3,AG,13,7,0900,0950,AGRIC,211,M,.,W,.,F,.,.,.,.,.,.,.,.,.,.,.,.,.,Hachem,El Housseini,,,
Fall 2021-2022(202210),10027,AGBU,236,1,New Trends in Agr.&Food System,3,3,AG,6,9,1000,1050,AGRIC,209,M,.,W,.,F,.,.,.,.,.,.,.,.,.,.,.,.,.,Youssef,Doughan,,,
Fall 2021-2022(202210),10028,AGBU,239,1,Agribusin.Comm.Skills Workshop,0,0,AG,15,5,1400,1559,AGRIC,209,.,.,W,.,.,.,.,.,.,.,.,.,.,.,.,.,.,.,Rachel Anne,Bahn,,,
Fall 2021-2022(202210),13267,AGBU,240,1,Career Plann.Worksh.for Agribu,0,0,AG,11,1,0900,0950,.,.,.,.,.,.,.,S,.,.,.,.,.,.,.,.,.,.,.,.,Makram,Bou Nassar,,,
Fall 2021-2022(202210),10029,AGSC,201,1,Orientat.to Agr.& Food Systems,2,2,AG,31,-6,1200,1250,AGRIC,203,.,T,.,R,.,.,.,.,.,.,.,.,.,.,.,.,.,.,Lina,Jaber,,,
Fall 2021-2022(202210),10030,AGSC,204,1,Natural Scien. for Agribusin.,3,3,AG,20,-5,0900,0950,AGRIC,310,.,T,.,R,.,.,.,1400,1659,AGRIB,503,.,.,W,.,.,.,.,Hana,Sobh,,,
Fall 2021-2022(202210),10031,AGSC,205,1,The Food Odyssey,3,3,AG,50,-20,1230,1345,AGRIC,102,M,.,W,.,.,.,.,.,.,.,.,.,.,.,.,.,.,.,Shady,Hamadeh,,,
Fall 2021-2022(202210),10032,AGSC,207,1,Land and Water Resources,3,3,AG,18,7,1000,1050,AGRIC,325,.,T,.,R,.,.,.,1400,1700,.,.,.,T,.,.,.,.,.,Sandra,Yanni,,,
Fall 2021-2022(202210),10033,AGSC,212,1,Microecono.Th.of Food& Farming,3,3,AG,32,-12,1100,1150,AGRIC,205,M,.,W,.,.,.,.,1700,1750,AGRIC,203,M,.,.,.,.,.,.,Ali,Chalak,,,
Fall 2021-2022(202210),13237,AGSC,212,2,Microecono.Th.of Food& Farming,3,3,AG,10,0,1100,1150,.,.,M,.,W,.,F,.,.,.,.,.,.,.,.,.,.,.,.,.,Youssef,Doughan,,,
Fall 2021-2022(202210),10034,AGSC,219,1,Apiculture,3,3,AG,10,2,1300,1350,AGRIC,203,.,T,.,R,.,.,.,1400,1659,AGRIC,HBL,.,T,.,.,.,.,.,Rami,Ollaik,,,
Fall 2021-2022(202210),10035,AGSC,220,1,Principles of Plant Physiology,3,3,AG,25,-5,1000,1050,.,.,M,.,W,.,.,.,.,1400,1659,.,.,M,.,.,.,.,.,.,Walid,El Kayal,,,
Fall 2021-2022(202210),10036,AGSC,230,1,Crop Systems,3,3,AG,29,1,1000,1115,AGRIC,203,.,.,.,.,F,.,.,1300,1415,AGRIC,203,.,.,.,.,F,.,.,Mustapha,Haidar,,,
Fall 2021-2022(202210),10037,AGSC,233,1,Plant Health I,3,3,AG,25,0,1100,1150,AGRIC,211,.,T,.,R,.,.,.,1400,1658,AGRIB,509,.,T,.,.,.,.,.,Youssef,Abou Jawdeh,,,
Fall 2021-2022(202210),10038,AGSC,234,1,Chemicals in Agriculture,3,3,AG,19,1,0900,1015,AGRIC,203,.,T,.,R,.,.,.,.,.,.,.,.,.,.,.,.,.,.,Youssef,Abou Jawdeh,,,
Fall 2021-2022(202210),10039,AGSC,249,1,GIS for Agriculture,3,3,AG,15,10,0900,0950,.,.,.,T,.,R,.,.,.,1430,1730,.,.,M,.,.,.,.,.,.,Hadi,Jaafar,,,
Fall 2021-2022(202210),10040,AGSC,252,1,Conservative Agriculture,3,3,AG,20,0,1200,1315,AGRIC,211,.,T,.,R,.,.,.,.,.,.,.,.,.,.,.,.,.,.,Sandra,Yanni,,,
Fall 2021-2022(202210),10041,AGSC,257,1,Emerg.Iss.in Ag.Netw.w.Pr.Sect,1,1,AG,13,7,1300,1350,.,.,.,.,.,R,.,.,.,.,.,.,.,.,.,.,.,.,.,.,Hana,Sobh,,,
Fall 2021-2022(202210),10042,AGSC,265,1,Soil Fertility,3,3,AG,10,5,1100,1230,AGRIC,203,.,.,W,.,.,.,.,1400,1659,.,.,.,.,W,.,.,.,.,Isam,Bashour,,,
Fall 2021-2022(202210),13269,AGSC,299,1,Sp.Tp.in Agricultural Science,2,2,AG,1,3,.,.,.,.,.,.,.,.,.,.,.,.,.,.,.,.,.,.,.,.,.,.,Walid,El Kayal,,,
Fall 2021-2022(202210),13346,AGSC,300A,1,Graduate Tutorial,1,1,AG,1,1,.,.,.,.,.,.,.,.,.,.,.,.,.,.,.,.,.,.,.,.,.,.,Rami,Zurayk,,,
Fall 2021-2022(202210),10043,AGSC,300B,1,Graduate Tutorial,2,2,AG,0,2,.,.,.,.,.,.,.,.,.,.,.,.,.,.,.,.,.,.,.,.,.,.,Youssef,Abou Jawdeh,,,
Fall 2021-2022(202210),13319,AGSC,307,1,Advanced Crop Production,3,3,AG,4,5,0900,1155,.,.,.,.,W,.,.,.,.,.,.,.,.,.,.,.,.,.,.,.,Walid,El Kayal,,,
Fall 2021-2022(202210),10044,AGSC,308,1,Plant Tiss.Cult.&Crop Improvem,3,3,AG,0,10,.,.,.,.,.,.,.,.,.,.,.,.,.,.,.,.,.,.,.,.,.,.,.,STAFF,,,
Fall 2021-2022(202210),13173,AGSC,310,1,Advanced Soil Physics,3,3,AG,6,4,1400,1650,.,.,.,.,.,R,.,.,.,.,.,.,.,.,.,.,.,.,.,.,Hadi,Jaafar,,,
Fall 2021-2022(202210),10045,AGSC,324,1,Method:Soil&Plant Tissue Analy,3,3,AG,7,3,1000,1155,AGRIC,310,.,.,.,.,F,.,.,1200,1559,AGRIC,509,.,.,.,.,F,.,.,Isam,Bashour,,,
Fall 2021-2022(202210),10046,AGSC,334,0,Remote Sensing of the Environm,3,3,AG,0,0,.,.,.,.,.,.,.,.,.,.,.,.,.,.,.,.,.,.,.,.,.,.,.,STAFF,,,
Fall 2021-2022(202210),13235,AGSC,376,1,Resource & Environmental Econo,3,3,AG,4,6,1415,1529,.,.,.,T,.,.,.,.,.,1500,1615,.,.,.,.,W,.,.,.,.,Ali,Chalak,,,
Fall 2021-2022(202210),10047,AGSC,388,1,Integrated Pest Management,3,3,AG,0,0,.,.,.,.,.,.,.,.,.,.,.,.,.,.,.,.,.,.,.,.,.,.,.,STAFF,,,
Fall 2021-2022(202210),13236,AGSC,389,1,Research Methods in Appl.Econ,3,3,AG,0,10,.,.,.,.,.,.,.,.,.,.,.,.,.,.,.,.,.,.,.,.,.,.,.,STAFF,,,
Fall 2021-2022(202210),10048,AGSC,395,1,Graduate Seminar in AGSC,1,1,AG,5,0,1300,1350,AGRIC,325,.,T,.,.,.,.,.,.,.,.,.,.,.,.,.,.,.,.,Lina,Jaber,,,
Fall 2021-2022(202210),10049,AGSC,396,1,Comprehensive Exam,0,0,AG,0,5,.,.,.,.,.,.,.,.,.,.,.,.,.,.,.,.,.,.,.,.,.,.,Youssef,Abou Jawdeh,,,
Fall 2021-2022(202210),10050,AGSC,396,2,Comprehensive Exam,0,0,AG,0,2,.,.,.,.,.,.,.,.,.,.,.,.,.,.,.,.,.,.,.,.,.,.,Walid,El Kayal,,,
Fall 2021-2022(202210),10051,AGSC,396,3,Comprehensive Exam,0,0,AG,2,1,.,.,.,.,.,.,.,.,.,.,.,.,.,.,.,.,.,.,.,.,.,.,Hadi,Jaafar,,,
Fall 2021-2022(202210),13337,AGSC,396,4,Comprehensive Exam,0,0,AG,1,1,.,.,.,.,.,.,.,.,.,.,.,.,.,.,.,.,.,.,.,.,.,.,Ali,Chalak,,,
Fall 2021-2022(202210),10052,AGSC,399,1,MS Thesis,9,7.21,AG,0,3,.,.,.,.,.,.,.,.,.,.,.,.,.,.,.,.,.,.,.,.,.,.,Walid,El Kayal,,,
Fall 2021-2022(202210),10053,AGSC,399,2,MS Thesis,9,7.21,AG,0,3,.,.,.,.,.,.,.,.,.,.,.,.,.,.,.,.,.,.,.,.,.,.,Youssef,Abou Jawdeh,,,
Fall 2021-2022(202210),10054,AGSC,399,3,MS Thesis,9,7.21,AG,1,4,.,.,.,.,.,.,.,.,.,.,.,.,.,.,.,.,.,.,.,.,.,.,Ali,Chalak,,,
Fall 2021-2022(202210),10055,AGSC,399A,1,MS Thesis,9,0,AG,0,3,.,.,.,.,.,.,.,.,.,.,.,.,.,.,.,.,.,.,.,.,.,.,Walid,El Kayal,,,
Fall 2021-2022(202210),10056,AGSC,399A,2,MS Thesis,9,0,AG,0,2,.,.,.,.,.,.,.,.,.,.,.,.,.,.,.,.,.,.,.,.,.,.,Youssef,Abou Jawdeh,,,
Fall 2021-2022(202210),10057,AGSC,399A,3,MS Thesis,9,0,AG,3,0,.,.,.,.,.,.,.,.,.,.,.,.,.,.,.,.,.,.,.,.,.,.,Hadi,Jaafar,,,
Fall 2021-2022(202210),13408,AGSC,399A,4,MS Thesis,9,0,AG,1,1,.,.,.,.,.,.,.,.,.,.,.,.,.,.,.,.,.,.,.,.,.,.,Mustapha,Haidar,,,
Fall 2021-2022(202210),10058,AGSC,399B,1,MS Thesis,9,0,AG,0,2,.,.,.,.,.,.,.,.,.,.,.,.,.,.,.,.,.,.,.,.,.,.,Hadi,Jaafar,,,
Fall 2021-2022(202210),10059,AGSC,399B,2,MS Thesis,9,0,AG,0,3,.,.,.,.,.,.,.,.,.,.,.,.,.,.,.,.,.,.,.,.,.,.,Ali,Chalak,,,
Fall 2021-2022(202210),10060,AGSC,399B,3,MS Thesis,9,0,AG,1,4,.,.,.,.,.,.,.,.,.,.,.,.,.,.,.,.,.,.,.,.,.,.,Youssef,Abou Jawdeh,,,
Fall 2021-2022(202210),13121,AGSC,399B,4,MS Thesis,9,0,AG,1,2,.,.,.,.,.,.,.,.,.,.,.,.,.,.,.,.,.,.,.,.,.,.,Walid,El Kayal,,,
Fall 2021-2022(202210),13129,AGSC,399B,5,MS Thesis,9,0,AG,1,1,.,.,.,.,.,.,.,.,.,.,.,.,.,.,.,.,.,.,.,.,.,.,Isam,Bashour,,,
Fall 2021-2022(202210),13156,AGSC,399C,1,MS Thesis,9,0,AG,0,2,.,.,.,.,.,.,.,.,.,.,.,.,.,.,.,.,.,.,.,.,.,.,Hadi,Jaafar,,,
Fall 2021-2022(202210),13351,AGSC,399C,2,MS Thesis,9,0,AG,0,2,.,.,.,.,.,.,.,.,.,.,.,.,.,.,.,.,.,.,.,.,.,.,Youssef,Abou Jawdeh,,,
Fall 2021-2022(202210),10061,AGSC,399D,1,MS Thesis,9,1,AG,0,2,.,.,.,.,.,.,.,.,.,.,.,.,.,.,.,.,.,.,.,.,.,.,Youssef,Abou Jawdeh,,,
Fall 2021-2022(202210),13289,AGSC,399F,1,MS Thesis,9,1,AG,1,3,.,.,.,.,.,.,.,.,.,.,.,.,.,.,.,.,.,.,.,.,.,.,Youssef,Abou Jawdeh,,,
Fall 2021-2022(202210),10062,AHIS,150,1,Intr.to Art History for Freshm,3,3,AS,23,-1,1230,1345,NICELY,202,M,.,W,.,.,.,.,.,.,.,.,.,.,.,.,.,.,.,Joseph Richard,Hammond,,,
Fall 2021-2022(202210),13050,AHIS,207,1,Early Islamic Art &Architectur,3,3,AS,0,0,.,.,.,.,.,.,.,.,.,.,.,.,.,.,.,.,.,.,.,.,.,.,.,STAFF,,,
Fall 2021-2022(202210),10065,AHIS,225,1,Art Now,3,3,AS,25,-2,1100,1215,NICELY,202,.,T,.,R,.,.,.,.,.,.,.,.,.,.,.,.,.,.,Rayya,Badran,,,
Fall 2021-2022(202210),10066,AHIS,226,1,Art After the Lebanese Wars,3,3,AS,0,0,.,.,.,.,.,.,.,.,.,.,.,.,.,.,.,.,.,.,.,.,.,.,.,STAFF,,,
Fall 2021-2022(202210),10067,AHIS,227,1,Sound in Visual Culture,3,3,AS,26,-3,1230,1345,NICELY,B2,.,T,.,R,.,.,.,.,.,.,.,.,.,.,.,.,.,.,Rayya,Badran,,,
Fall 2021-2022(202210),10068,AHIS,249I,1,ST: Feminist Art History,3,3,AS,11,14,1400,1515,NICELY,202,M,.,W,.,.,.,.,.,.,.,.,.,.,.,.,.,.,.,Joseph Richard,Hammond,,,
Fall 2021-2022(202210),10069,AHIS,251,1,Theories of Modern Art,3,3,AS,18,2,1400,1515,NICELY,202,.,T,.,R,.,.,.,.,.,.,.,.,.,.,.,.,.,.,Anzhela,Harutyunyan,,,
Fall 2021-2022(202210),10070,AHIS,252,1,Contemporary Art and Theory,3,3,AS,16,1,1300,1530,NICELY,202,.,.,.,.,F,.,.,.,.,.,.,.,.,.,.,.,.,.,Octavian,Esanu,,,
Fall 2021-2022(202210),10071,AHIS,301,1,Sem:Practices of Art History,3,3,AS,4,11,1530,1750,NICELY,101,.,T,.,.,.,.,.,.,.,.,.,.,.,.,.,.,.,.,Anzhela,Harutyunyan,,,
Fall 2021-2022(202210),10072,AHIS,311,1,Iss.Contemporary Art &Th.,3,3,AS,6,-1,1300,1530,NICELY,202,.,.,.,.,F,.,.,.,.,.,.,.,.,.,.,.,.,.,Octavian,Esanu,,,
Fall 2021-2022(202210),13389,AHIS,313A,1,Tut.Feminist Art History,3,3,AS,1,-1,.,.,.,.,.,.,.,.,.,.,.,.,.,.,.,.,.,.,.,.,.,.,Joseph Richard,Hammond,,,
Fall 2021-2022(202210),10073,AHIS,395A,1,Comprehensive Exam,0,0,AS,3,0,.,.,.,.,.,.,.,.,.,.,.,.,.,.,.,.,.,.,.,.,.,.,Anzhela,Harutyunyan,,,
Fall 2021-2022(202210),10074,AHIS,399,1,Graduate Thesis & Exhibition,6,7.2,AS,0,3,.,.,.,.,.,.,.,.,.,.,.,.,.,.,.,.,.,.,.,.,.,.,Hala,Auji,,,
Fall 2021-2022(202210),10075,AHIS,399,2,Graduate Thesis & Exhibition,6,7.2,AS,1,2,.,.,.,.,.,.,.,.,.,.,.,.,.,.,.,.,.,.,.,.,.,.,Anzhela,Harutyunyan,,,
Fall 2021-2022(202210),10076,AHIS,399A,1,Graduate Thesis & Exhibition,6,0,AS,0,3,.,.,.,.,.,.,.,.,.,.,.,.,.,.,.,.,.,.,.,.,.,.,Hala,Auji,,,
Fall 2021-2022(202210),10077,AHIS,399A,2,Graduate Thesis & Exhibition,6,0,AS,0,3,.,.,.,.,.,.,.,.,.,.,.,.,.,.,.,.,.,.,.,.,.,.,Anzhela,Harutyunyan,,,
Fall 2021-2022(202210),10078,AHIS,399B,1,Graduate Thesis & Exhibition,6,0,AS,1,2,.,.,.,.,.,.,.,.,.,.,.,.,.,.,.,.,.,.,.,.,.,.,Hala,Auji,,,
Fall 2021-2022(202210),10079,AHIS,399B,2,Graduate Thesis & Exhibition,6,0,AS,0,3,.,.,.,.,.,.,.,.,.,.,.,.,.,.,.,.,.,.,.,.,.,.,Anzhela,Harutyunyan,,,
Fall 2021-2022(202210),10080,AHIS,399C,1,Graduate Thesis & Exhibition,6,0,AS,0,3,.,.,.,.,.,.,.,.,.,.,.,.,.,.,.,.,.,.,.,.,.,.,Hala,Auji,,,
Fall 2021-2022(202210),10081,AHIS,399C,2,Graduate Thesis & Exhibition,6,0,AS,0,3,.,.,.,.,.,.,.,.,.,.,.,.,.,.,.,.,.,.,.,.,.,.,Anzhela,Harutyunyan,,,
Fall 2021-2022(202210),10082,AMST,215,1,Intr. To American Studies,3,3,AS,24,-4,1230,1345,NICELY,323,.,T,.,R,.,.,.,.,.,.,.,.,.,.,.,.,.,.,Suzanne,Enzerink,,,
Fall 2021-2022(202210),10083,AMST,275AV,1,ST: Intr. to Photojournalism,3,3,AS,0,0,.,.,.,.,.,.,.,.,.,.,.,.,.,.,.,.,.,.,.,.,.,.,.,STAFF,,,
Fall 2021-2022(202210),10084,AMST,275AW,1,ST: Journalism and Society,3,3,AS,2,3,1530,1645,NICELY,410,M,.,W,.,.,.,.,.,.,.,.,.,.,.,.,.,.,.,Rabie,Barakat,,,
Fall 2021-2022(202210),10085,AMST,275M,1,Sp.Tp:Drama,3,3,AS,1,4,1530,1645,NICELY,321,M,.,W,.,.,.,.,.,.,.,.,.,.,.,.,.,.,.,Robert,Myers,,,
Fall 2021-2022(202210),10086,ARAB,101,1,Readings in Arabic Heritage I,3,3,AS,24,-1,0930,1045,NICELY,320,.,T,.,R,.,.,.,.,.,.,.,.,.,.,.,.,.,.,Tarif,Bazzi,,,
Fall 2021-2022(202210),10087,ARAB,201,1,Issues in Contempor.Arab Cult.,3,3,AS,23,0,0800,0915,REYNOL,533,.,T,.,R,.,.,.,.,.,.,.,.,.,.,.,.,.,.,Raghda,Nahas El-Zein,,,
Fall 2021-2022(202210),10088,ARAB,201,2,Issues in Contempor.Arab Cult.,3,3,AS,23,0,0930,1045,REYNOL,533,.,T,.,R,.,.,.,.,.,.,.,.,.,.,.,.,.,.,Raghda,Nahas El-Zein,,,
Fall 2021-2022(202210),10089,ARAB,201,3,Issues in Contempor.Arab Cult.,3,3,AS,21,2,1100,1215,REYNOL,533,.,T,.,R,.,.,.,.,.,.,.,.,.,.,.,.,.,.,Raghda,Nahas El-Zein,,,
Fall 2021-2022(202210),10090,ARAB,201,4,Issues in Contempor.Arab Cult.,3,3,AS,24,-1,1400,1515,REYNOL,533,M,.,W,.,.,.,.,.,.,.,.,.,.,.,.,.,.,.,Sina,Moukaled,,,
Fall 2021-2022(202210),10091,ARAB,201,5,Issues in Contempor.Arab Cult.,3,3,AS,23,0,1530,1645,REYNOL,533,M,.,W,.,.,.,.,.,.,.,.,.,.,.,.,.,.,.,Sina,Moukaled,,,
Fall 2021-2022(202210),10092,ARAB,201,6,Issues in Contempor.Arab Cult.,3,3,AS,24,-1,1230,1345,REYNOL,533,M,.,W,.,.,.,.,.,.,.,.,.,.,.,.,.,.,.,Sina,Moukaled,,,
Fall 2021-2022(202210),10094,ARAB,202,1,Arab Technical Writing,3,3,AS,20,0,1300,1350,NICELY,107,M,.,W,.,F,.,.,.,.,.,.,.,.,.,.,.,.,.,Samir,Malti,,,
Fall 2021-2022(202210),10095,ARAB,202,2,Arab Technical Writing,3,3,AS,21,-1,1100,1150,NICELY,107,M,.,W,.,F,.,.,.,.,.,.,.,.,.,.,.,.,.,Samir,Malti,,,
Fall 2021-2022(202210),10096,ARAB,202,3,Arab Technical Writing,3,3,AS,20,0,1200,1250,NICELY,107,M,.,W,.,F,.,.,.,.,.,.,.,.,.,.,.,.,.,Samir,Malti,,,
Fall 2021-2022(202210),10097,ARAB,203,1,Beg Arab as Foreign Lang. I,3,3,AS,11,0,1200,1359,ADAD,209,M,.,.,.,.,.,.,1200,1329,ADAD,209,.,.,W,.,F,.,.,Rima,Sultani  Kanawaty,,,
Fall 2021-2022(202210),10098,ARAB,204,1,Beg Arabic as Foreign Lang II,3,3,AS,7,-1,1000,1159,ADAD,212,M,.,.,.,.,.,.,1000,1129,ADAD,212,.,.,W,.,F,.,.,Rima,Sultani  Kanawaty,,,
Fall 2021-2022(202210),10099,ARAB,205,1,Interm Arab as Foreign LangIII,3,3,AS,3,-2,0800,0959,ADAD,212,M,.,.,.,.,.,.,0800,0929,ADAD,212,.,.,W,.,F,.,.,Rima,Semaan,,,
Fall 2021-2022(202210),10100,ARAB,206,1,Interm Arab as Foreign Lang IV,3,3,AS,4,-1,1000,1159,ADAD,209,M,.,.,.,.,.,.,1000,1129,ADAD,209,.,.,W,.,F,.,.,Rima,Semaan,,,
Fall 2021-2022(202210),10101,ARAB,207,1,Advan.Arab.as Foreign Lang.I,3,3,AS,2,0,0930,1045,ADAD,212,.,T,.,R,.,.,.,.,.,.,.,.,.,.,.,.,.,.,Rima,Sultani  Kanawaty,,,
Fall 2021-2022(202210),10102,ARAB,209,1,Adv.Arab.as Foreign Lang.III,3,3,AS,2,0,1200,1329,ADAD,212,M,.,W,.,.,.,.,.,.,.,.,.,.,.,.,.,.,.,Rima,Semaan,,,
Fall 2021-2022(202210),10103,ARAB,210A,1,Writing Prose,3,3,AS,13,-3,1530,1800,NICELY,105,.,T,.,.,.,.,.,.,.,.,.,.,.,.,.,.,.,.,Rachid,El Daif,,,
Fall 2021-2022(202210),13147,ARAB,210A,2,Writing Prose,3,3,AS,11,-1,1530,1800,NICELY,108,.,.,W,.,.,.,.,.,.,.,.,.,.,.,.,.,.,.,Rachid,El Daif,,,
Fall 2021-2022(202210),10104,ARAB,211,1,Survey of Arabic Grammar,3,3,AS,25,0,1100,1215,NICELY,101,.,T,.,R,.,.,.,.,.,.,.,.,.,.,.,.,.,.,Tarif,Bazzi,,,
Fall 2021-2022(202210),10107,ARAB,223,1,Media Arabic,3,3,AS,19,1,1230,1345,NICELY,108,M,.,W,.,.,.,.,.,.,.,.,.,.,.,.,.,.,.,Jihad,El Mallah,,,
Fall 2021-2022(202210),10110,ARAB,230,1,Themes & Genres of Arab Lit.,3,3,AS,23,0,1700,1815,REYNOL,533,M,.,W,.,.,.,.,.,.,.,.,.,.,.,.,.,.,.,Sina,Moukaled,,,
Fall 2021-2022(202210),10113,ARAB,235,1,Andalusian Literature,3,3,AS,24,-1,1100,1215,NICELY,105,.,T,.,R,.,.,.,.,.,.,.,.,.,.,.,.,.,.,Maher,Jarrar,,,
Fall 2021-2022(202210),10114,ARAB,236,1,Qur'anic Studies,3,3,AS,18,-3,1530,1759,NICELY,101,M,.,.,.,.,.,.,.,.,.,.,.,.,.,.,.,.,.,Radwan,El Sayed Ahmad,,,
Fall 2021-2022(202210),10115,ARAB,237,1,Modern Arabic Poetry I,3,3,AS,24,1,1530,1645,NICELY,206,.,T,.,R,.,.,.,.,.,.,.,.,.,.,.,.,.,.,Jawdat,Fakhreddine,,,
Fall 2021-2022(202210),10118,ARAB,244,1,Muslim Schools of Theology,3,3,AS,26,-1,1400,1515,NICELY,101,M,.,W,.,.,.,.,.,.,.,.,.,.,.,.,.,.,.,Radwan,El Sayed Ahmad,,,
Fall 2021-2022(202210),10119,ARAB,245,1,Backgrnd Stud Mod Arab Litr I,3,3,AS,0,0,.,.,.,.,.,.,.,.,.,.,.,.,.,.,.,.,.,.,.,.,.,.,.,STAFF,,,
Fall 2021-2022(202210),10120,ARAB,249,1,Sufi Literature,3,3,AS,21,0,1530,1644,NICELY,107,M,.,W,.,.,.,.,.,.,.,.,.,.,.,.,.,.,.,Riccardo,Paredi,,,
Fall 2021-2022(202210),10121,ARAB,251AA,1,Sp.Tp: Society in Literature,3,3,AS,22,1,1000,1050,NICELY,107,M,.,W,.,F,.,.,.,.,.,.,.,.,.,.,.,.,.,Samir,Malti,,,
Fall 2021-2022(202210),10122,ARAB,251AF,1,ST History in Literature,3,3,AS,22,1,1230,1345,NICELY,101,.,T,.,R,.,.,.,.,.,.,.,.,.,.,.,.,.,.,Zeina,Halabi,,,
Fall 2021-2022(202210),10124,ARAB,251AN,1,ST: Translation of Poetry,3,3,AS,8,0,1700,1815,NICELY,410,.,T,.,R,.,.,.,.,.,.,.,.,.,.,.,.,.,.,Rula,Baalbaki,,,
Fall 2021-2022(202210),10125,ARAB,251AP,1,ST:Women Writers of Mid.East,3,3,AS,25,0,1700,1815,NICELY,107,.,T,.,R,.,.,.,.,.,.,.,.,.,.,.,.,.,.,Alireza,Korangy,,,
Fall 2021-2022(202210),10126,ARAB,251AR,1,S.T:Satire in Arab literature,3,3,AS,23,0,1400,1515,NICELY,411,.,T,.,R,.,.,.,.,.,.,.,.,.,.,.,.,.,.,Maha,Abdelmegeed,,,
Fall 2021-2022(202210),10127,ARAB,251W,1,Sp.Tp: Nahda in periodicals,3,3,AS,24,-1,1230,1345,REYNOL,533,.,T,.,R,.,.,.,.,.,.,.,.,.,.,.,.,.,.,Raghda,Nahas El-Zein,,,
Fall 2021-2022(202210),10128,ARAB,254,1,The City in Arabic Literature,3,3,AS,23,0,1530,1645,NICELY,412,.,T,.,R,.,.,.,.,.,.,.,.,.,.,.,.,.,.,Zeina,Halabi,,,
Fall 2021-2022(202210),10130,ARAB,303N,1,Sm.Visual&Literay Islamic West,3,3,AS,0,0,.,.,.,.,.,.,.,.,.,.,.,.,.,.,.,.,.,.,.,.,.,.,.,STAFF,,,
Fall 2021-2022(202210),13238,ARAB,303O,1,GS:Approaches to Style& Voice,3,3,AS,6,4,1700,1930,COLL,406,.,.,.,R,.,.,.,.,.,.,.,.,.,.,.,.,.,.,Maha,Abdelmegeed,,,
Fall 2021-2022(202210),10131,ARAB,317B,1,Grd.Sem:Adv.Semetics Or Lingui,3,3,AS,8,2,1730,2000,COLL,406,.,T,.,.,.,.,.,.,.,.,.,.,.,.,.,.,.,.,Ramzi,Baalbaki,,,
Fall 2021-2022(202210),13333,ARAB,390X,1,Tut Jahliya in Arab.Lit.,3,3,AS,1,0,.,.,.,.,.,.,.,.,.,.,.,.,.,.,.,.,.,.,.,.,.,.,Bilal,Orfali,,,
Fall 2021-2022(202210),13348,ARAB,390Y,1,Tut.Arab.Lexicographical texts,3,3,AS,1,0,.,.,.,.,.,.,.,.,.,.,.,.,.,.,.,.,.,.,.,.,.,.,Ramzi,Baalbaki,,,
Fall 2021-2022(202210),10132,ARAB,395A,1,Comprehensive Exam,0,0,AS,0,0,.,.,.,.,.,.,.,.,.,.,.,.,.,.,.,.,.,.,.,.,.,.,Bilal,Orfali,,,
Fall 2021-2022(202210),10133,ARAB,399,1,M.A. Thesis,9,7.2,AS,0,5,.,.,.,.,.,.,.,.,.,.,.,.,.,.,.,.,.,.,.,.,.,.,Maha,Abdelmegeed,,,
Fall 2021-2022(202210),10134,ARAB,399,2,M.A. Thesis,9,7.2,AS,0,5,.,.,.,.,.,.,.,.,.,.,.,.,.,.,.,.,.,.,.,.,.,.,Bilal,Orfali,,,
Fall 2021-2022(202210),10135,ARAB,399,3,M.A. Thesis,9,7.2,AS,0,5,.,.,.,.,.,.,.,.,.,.,.,.,.,.,.,.,.,.,.,.,.,.,Maher,Jarrar,,,
Fall 2021-2022(202210),10136,ARAB,399,4,M.A. Thesis,9,7.2,AS,1,4,.,.,.,.,.,.,.,.,.,.,.,.,.,.,.,.,.,.,.,.,.,.,Ramzi,Baalbaki,,,
Fall 2021-2022(202210),10137,ARAB,399,5,M.A. Thesis,9,7.2,AS,0,5,.,.,.,.,.,.,.,.,.,.,.,.,.,.,.,.,.,.,.,.,.,.,Zeina,Halabi,,,
Fall 2021-2022(202210),10138,ARAB,399,7,M.A. Thesis,9,7.2,AS,0,5,.,.,.,.,.,.,.,.,.,.,.,.,.,.,.,.,.,.,.,.,.,.,Enass,Khansa,,,
Fall 2021-2022(202210),10139,ARAB,399A,1,M.A. Thesis,9,0,AS,0,5,.,.,.,.,.,.,.,.,.,.,.,.,.,.,.,.,.,.,.,.,.,.,Bilal,Orfali,,,
Fall 2021-2022(202210),10140,ARAB,399A,2,M.A. Thesis,9,0,AS,0,5,.,.,.,.,.,.,.,.,.,.,.,.,.,.,.,.,.,.,.,.,.,.,Ramzi,Baalbaki,,,
Fall 2021-2022(202210),10141,ARAB,399A,3,M.A. Thesis,9,0,AS,1,4,.,.,.,.,.,.,.,.,.,.,.,.,.,.,.,.,.,.,.,.,.,.,Maha,Abdelmegeed,,,
Fall 2021-2022(202210),10142,ARAB,399A,4,M.A. Thesis,9,0,AS,0,5,.,.,.,.,.,.,.,.,.,.,.,.,.,.,.,.,.,.,.,.,.,.,Mahmoud,Al-Batal,,,
Fall 2021-2022(202210),10143,ARAB,399A,5,M.A. Thesis,9,0,AS,0,5,.,.,.,.,.,.,.,.,.,.,.,.,.,.,.,.,.,.,.,.,.,.,Zeina,Halabi,,,
Fall 2021-2022(202210),10144,ARAB,399A,6,M.A. Thesis,9,0,AS,0,5,.,.,.,.,.,.,.,.,.,.,.,.,.,.,.,.,.,.,.,.,.,.,Enass,Khansa,,,
Fall 2021-2022(202210),10145,ARAB,399A,7,M.A. Thesis,9,0,AS,0,5,.,.,.,.,.,.,.,.,.,.,.,.,.,.,.,.,.,.,.,.,.,.,Maher,Jarrar,,,
Fall 2021-2022(202210),10146,ARAB,399B,1,M.A.Thesis,9,0,AS,0,5,.,.,.,.,.,.,.,.,.,.,.,.,.,.,.,.,.,.,.,.,.,.,Maher,Jarrar,,,
Fall 2021-2022(202210),10147,ARAB,399B,2,M.A.Thesis,9,0,AS,0,5,.,.,.,.,.,.,.,.,.,.,.,.,.,.,.,.,.,.,.,.,.,.,Ramzi,Baalbaki,,,
Fall 2021-2022(202210),10148,ARAB,399B,3,M.A.Thesis,9,0,AS,0,5,.,.,.,.,.,.,.,.,.,.,.,.,.,.,.,.,.,.,.,.,.,.,Maha,Abdelmegeed,,,
Fall 2021-2022(202210),10149,ARAB,399B,4,M.A.Thesis,9,0,AS,0,5,.,.,.,.,.,.,.,.,.,.,.,.,.,.,.,.,.,.,.,.,.,.,Mahmoud,Al-Batal,,,
Fall 2021-2022(202210),10150,ARAB,399B,5,M.A.Thesis,9,0,AS,0,5,.,.,.,.,.,.,.,.,.,.,.,.,.,.,.,.,.,.,.,.,.,.,Bilal,Orfali,,,
Fall 2021-2022(202210),10151,ARAB,399B,6,M.A.Thesis,9,0,AS,0,5,.,.,.,.,.,.,.,.,.,.,.,.,.,.,.,.,.,.,.,.,.,.,Enass,Khansa,,,
Fall 2021-2022(202210),10152,ARAB,399B,7,M.A.Thesis,9,0,AS,0,5,.,.,.,.,.,.,.,.,.,.,.,.,.,.,.,.,.,.,.,.,.,.,Zeina,Halabi,,,
Fall 2021-2022(202210),10153,ARAB,399C,1,M.A.Thesis,9,0,AS,0,5,.,.,.,.,.,.,.,.,.,.,.,.,.,.,.,.,.,.,.,.,.,.,Bilal,Orfali,,,
Fall 2021-2022(202210),10154,ARAB,399C,2,M.A.Thesis,9,0,AS,0,5,.,.,.,.,.,.,.,.,.,.,.,.,.,.,.,.,.,.,.,.,.,.,Maha,Abdelmegeed,,,
Fall 2021-2022(202210),10155,ARAB,399C,3,M.A.Thesis,9,0,AS,0,5,.,.,.,.,.,.,.,.,.,.,.,.,.,.,.,.,.,.,.,.,.,.,Mahmoud,Al-Batal,,,
Fall 2021-2022(202210),10156,ARAB,399C,4,M.A.Thesis,9,0,AS,0,5,.,.,.,.,.,.,.,.,.,.,.,.,.,.,.,.,.,.,.,.,.,.,Ramzi,Baalbaki,,,
Fall 2021-2022(202210),10157,ARAB,399C,5,M.A.Thesis,9,0,AS,0,5,.,.,.,.,.,.,.,.,.,.,.,.,.,.,.,.,.,.,.,.,.,.,Zeina,Halabi,,,
Fall 2021-2022(202210),10158,ARAB,399C,6,M.A.Thesis,9,0,AS,0,5,.,.,.,.,.,.,.,.,.,.,.,.,.,.,.,.,.,.,.,.,.,.,Enass,Khansa,,,
Fall 2021-2022(202210),10159,ARAB,399C,7,M.A.Thesis,9,0,AS,0,5,.,.,.,.,.,.,.,.,.,.,.,.,.,.,.,.,.,.,.,.,.,.,Maher,Jarrar,,,
Fall 2021-2022(202210),13343,ARAB,399E,1,M.A.Thesis,9,1,AS,1,-1,.,.,.,.,.,.,.,.,.,.,.,.,.,.,.,.,.,.,.,.,.,.,Bilal,Orfali,,,
Fall 2021-2022(202210),10160,ARAB,480,1,Qualifying Exam I:Compr.Exam,0,0,AS,1,4,.,.,.,.,.,.,.,.,.,.,.,.,.,.,.,.,.,.,.,.,.,.,Bilal,Orfali,,,
Fall 2021-2022(202210),10161,ARAB,481,1,Qual.Exam II:Def.Thesis Prop.,0,0,AS,2,3,.,.,.,.,.,.,.,.,.,.,.,.,.,.,.,.,.,.,.,.,.,.,Bilal,Orfali,,,
Fall 2021-2022(202210),10162,ARAB,484,1,PhD Thesis,30,0,AS,1,4,.,.,.,.,.,.,.,.,.,.,.,.,.,.,.,.,.,.,.,.,.,.,Bilal,Orfali,,,
Fall 2021-2022(202210),13233,ARAB,484A,1,PhD Thesis,0,0,AS,1,4,.,.,.,.,.,.,.,.,.,.,.,.,.,.,.,.,.,.,.,.,.,.,Mahmoud,Al-Batal,,,
Fall 2021-2022(202210),10163,ARAB,484B,1,PhD Thesis,30,0,AS,0,3,.,.,.,.,.,.,.,.,.,.,.,.,.,.,.,.,.,.,.,.,.,.,Kassim,Shaaban,,,
Fall 2021-2022(202210),13069,ARCH,015,1,Micro Devices,3,3,EA,24,-4,1100,1220,.,.,.,T,.,R,.,.,.,.,.,.,.,.,.,.,.,.,.,.,Carla,Aramouny,,,
Fall 2021-2022(202210),13070,ARCH,020A,1,Spatial Politics of Revolution,3,3,EA,22,-2,1400,1520,BECHTA,111,.,T,.,R,.,.,.,.,.,.,.,.,.,.,.,.,.,.,Ghazal,Abbasy-Asbagh,,,
Fall 2021-2022(202210),13074,ARCH,023,1,From Urban Des.to Lands.Urbani,3,3,EA,7,3,1530,1820,.,.,.,T,.,.,.,.,.,.,.,.,.,.,.,.,.,.,.,.,Robert,Saliba,,,
Fall 2021-2022(202210),13067,ARCH,040,1,Making It,3,3,EA,16,4,0930,1050,.,.,.,T,.,R,.,.,.,.,.,.,.,.,.,.,.,.,.,.,Karim,Najjar,,,
Fall 2021-2022(202210),13071,ARCH,072,1,Earth: Design and Building,3,3,EA,17,3,1530,1820,BECHTA,203,.,.,.,R,.,.,.,.,.,.,.,.,.,.,.,.,.,.,Salma Samar,Damluji,,,
Fall 2021-2022(202210),10164,ARCH,100,1,Basic Design,6,6,EA,73,2,1400,1900,ANNEX,101,.,T,.,.,F,.,.,.,.,.,.,.,.,.,.,.,.,.,Rana,Haddad,,,
Fall 2021-2022(202210),10165,ARCH,111,1,Drawing I,3,3,EA,31,-1,0945,1245,ANNEX,101,M,.,W,.,.,.,.,.,.,.,.,.,.,.,.,.,.,.,Etienne,Bastormagi,,,
Fall 2021-2022(202210),13214,ARCH,111,2,Drawing I,3,3,EA,17,8,1245,1545,.,.,M,.,W,.,.,.,.,.,.,.,.,.,.,.,.,.,.,.,Etienne,Bastormagi,,Blended Course,
Fall 2021-2022(202210),10166,ARCH,121,1,History of Art &Architecture I,3,3,EA,81,4,0800,0920,MAMC,ELH,M,.,W,.,.,.,.,.,.,.,.,.,.,.,.,.,.,.,Umit Firat,Acikgoz,,,
Fall 2021-2022(202210),10167,ARCH,202,1,Architecture Design II,6,6,EA,28,17,1400,1800,FS1,206,M,.,W,.,F,.,.,.,.,.,.,.,.,.,.,.,.,.,Karim,Najjar,,,
Fall 2021-2022(202210),10168,ARCH,223,1,History of Art & Archit. III,3,3,EA,43,37,1000,1120,MAMC,ELH,.,.,W,.,F,.,.,.,.,.,.,.,.,.,.,.,.,.,Umit Firat,Acikgoz,,,
Fall 2021-2022(202210),10169,ARCH,242,1,Building Construction I,3,3,EA,17,0,1300,1530,.,.,.,T,.,R,.,.,.,.,.,.,.,.,.,.,.,.,.,.,Sany,Jamal,,,
Fall 2021-2022(202210),13234,ARCH,242,2,Building Construction I,3,3,EA,16,0,1600,1830,.,.,.,T,.,R,.,.,.,.,.,.,.,.,.,.,.,.,.,.,Sany,Jamal,,,
Fall 2021-2022(202210),10170,ARCH,252,1,Structural Systems,3,3,EA,29,6,1200,1320,BECHTA,111,M,.,W,.,.,.,.,.,.,.,.,.,.,.,.,.,.,.,Amer,Elsouri,,,
Fall 2021-2022(202210),10171,ARCH,304,1,Architecture Design IV,6,6,EA,34,6,1400,1800,FS1,305,M,.,W,.,F,.,.,.,.,.,.,.,.,.,.,.,.,.,Serge,Yazigi,,,
Fall 2021-2022(202210),10172,ARCH,313,1,Digital Tools,3,3,EA,20,-1,0930,1050,SRB,217,.,T,.,R,.,.,.,.,.,.,.,.,.,.,.,.,.,.,Ghazal,Abbasy-Asbagh,,,
Fall 2021-2022(202210),10173,ARCH,313,2,Digital Tools,3,3,EA,15,3,1100,1220,SRB,207,.,T,.,R,.,.,.,.,.,.,.,.,.,.,.,.,.,.,Roland,Bou Nassr,,,
Fall 2021-2022(202210),10174,ARCH,360,1,Environm.I  Climate Responsive,3,3,EA,35,3,1100,1220,IOEC,224A,M,.,W,.,.,.,.,.,.,.,.,.,.,.,.,.,.,.,Aram,Yeretzian,,,
Fall 2021-2022(202210),10175,ARCH,406,1,Architecture Design V,6,6,EA,32,3,1400,1800,FS1,401,M,.,W,.,F,.,.,.,.,.,.,.,.,.,.,.,.,.,Aram,Yeretzian,,,
Fall 2021-2022(202210),10176,ARCH,508,1,Design Thesis I,6,6,EA,27,1,0800,0850,FS1,406,.,.,.,.,.,S,.,.,.,.,.,.,.,.,.,.,.,.,Sinan,Hassan,,,
Fall 2021-2022(202210),10177,ARCH,509,1,Design Thesis II,6,6,EA,0,0,0800,0850,FS1,406,.,.,.,.,.,.,U,.,.,.,.,.,.,.,.,.,.,.,.,STAFF,,,
Fall 2021-2022(202210),10178,AROL,101,1,Introduction to Archaeology,3,3,AS,25,0,0930,1045,NICELY,108,.,T,.,R,.,.,.,.,.,.,.,.,.,.,.,.,.,.,Jack,Nurpetlian,,,
Fall 2021-2022(202210),10179,AROL,101,2,Introduction to Archaeology,3,3,AS,26,-1,1100,1215,NICELY,415,.,T,.,R,.,.,.,.,.,.,.,.,.,.,.,.,.,.,Jack,Nurpetlian,,,
Fall 2021-2022(202210),10180,AROL,201,1,Archaeology in Lebanon,3,3,AS,14,11,0930,1045,POST,207,.,T,.,R,.,.,.,.,.,.,.,.,.,.,.,.,.,.,Helene,Sader,,,
Fall 2021-2022(202210),10181,AROL,211,1,Methodology,3,3,AS,25,0,1230,1345,POST,207,.,T,.,R,.,.,.,.,.,.,.,.,.,.,.,.,.,.,Jack,Nurpetlian,,,
Fall 2021-2022(202210),10182,AROL,211,2,Methodology,3,3,AS,25,0,1400,1515,POST,207,.,T,.,R,.,.,.,.,.,.,.,.,.,.,.,.,.,.,Jack,Nurpetlian,,,
Fall 2021-2022(202210),10183,AROL,213,1,Old Stone Age(Up to 10.000 BC),3,3,AS,23,2,0800,0850,POST,207,M,.,W,.,F,.,.,.,.,.,.,.,.,.,.,.,.,.,Hermann,Genz,,,
Fall 2021-2022(202210),10184,AROL,220,1,Anc.Mesopotamia:Assyria&Babylo,3,3,AS,9,16,1230,1345,POST,203,.,T,.,R,.,.,.,.,.,.,.,.,.,.,.,.,.,.,Helene,Sader,,,
Fall 2021-2022(202210),10185,AROL,223,1,Archaeol. of Hellenistic World,3,3,AS,22,3,1100,1215,NICELY,209,.,T,.,R,.,.,.,.,.,.,.,.,.,.,.,.,.,.,Paul Graham,Newson,,,
Fall 2021-2022(202210),10186,AROL,225,1,Roman & Byzantine Near East,3,3,AS,19,6,1400,1515,NICELY,318,.,T,.,R,.,.,.,.,.,.,.,.,.,.,.,.,.,.,Paul Graham,Newson,,,
Fall 2021-2022(202210),10187,AROL,232,1,Animals in Archaeology,3,3,AS,25,0,1500,1615,POST,207,.,.,W,.,F,.,.,.,.,.,.,.,.,.,.,.,.,.,Hermann,Genz,,,
Fall 2021-2022(202210),10188,AROL,235AF,1,ST:Origins&Growth of Agricult.,3,3,AS,19,6,1700,1815,NICELY,327,.,T,.,R,.,.,.,.,.,.,.,.,.,.,.,.,.,.,Claire Joanna,Malleson,,,
Fall 2021-2022(202210),10189,AROL,235AH,1,ST: Water in A Changing World,3,3,AS,13,2,0900,0950,POST,207,M,.,W,.,F,.,.,.,.,.,.,.,.,.,.,.,.,.,Hermann,Genz,,,
Fall 2021-2022(202210),10190,AROL,235AI,1,ST.Farming in Ancient Egypt,3,3,AS,25,0,1530,1645,NICELY,411,.,T,.,R,.,.,.,.,.,.,.,.,.,.,.,.,.,.,Claire Joanna,Malleson,,,
Fall 2021-2022(202210),13280,AROL,307B,1,Sem: Bronze Age on Leb.Coast,3,3,AS,1,0,.,.,.,.,.,.,.,.,.,.,.,.,.,.,.,.,.,.,.,.,.,.,Helene,Sader,,,
Fall 2021-2022(202210),13260,AROL,321E,1,Tut. Archaeobotanical Research,3,3,AS,2,0,.,.,.,.,.,.,.,.,.,.,.,.,.,.,.,.,.,.,.,.,.,.,Claire Joanna,Malleson,,,
Fall 2021-2022(202210),13321,AROL,322F,1,Tut. Roman Landscapes,3,3,AS,1,0,.,.,.,.,.,.,.,.,.,.,.,.,.,.,.,.,.,.,.,.,.,.,Paul Graham,Newson,,,
Fall 2021-2022(202210),10191,AROL,395A,1,Comprehensive Exam,0,0,AS,0,0,.,.,.,.,.,.,.,.,.,.,.,.,.,.,.,.,.,.,.,.,.,.,Hermann,Genz,,,
Fall 2021-2022(202210),10192,AROL,399,1,M.A Thesis.,9,7.2,AS,0,5,.,.,.,.,.,.,.,.,.,.,.,.,.,.,.,.,.,.,.,.,.,.,Hermann,Genz,,,
Fall 2021-2022(202210),10193,AROL,399,2,M.A Thesis.,9,7.2,AS,0,5,.,.,.,.,.,.,.,.,.,.,.,.,.,.,.,.,.,.,.,.,.,.,Helene,Sader,,,
Fall 2021-2022(202210),10194,AROL,399,3,M.A Thesis.,9,7.2,AS,0,5,.,.,.,.,.,.,.,.,.,.,.,.,.,.,.,.,.,.,.,.,.,.,Claire Joanna,Malleson,,,
Fall 2021-2022(202210),10195,AROL,399,4,M.A Thesis.,9,7.2,AS,0,5,.,.,.,.,.,.,.,.,.,.,.,.,.,.,.,.,.,.,.,.,.,.,Paul Graham,Newson,,,
Fall 2021-2022(202210),10196,AROL,399A,1,M.A.Thesis,9,0,AS,0,5,.,.,.,.,.,.,.,.,.,.,.,.,.,.,.,.,.,.,.,.,.,.,Hermann,Genz,,,
Fall 2021-2022(202210),10197,AROL,399A,2,M.A.Thesis,9,0,AS,0,5,.,.,.,.,.,.,.,.,.,.,.,.,.,.,.,.,.,.,.,.,.,.,Helene,Sader,,,
Fall 2021-2022(202210),10198,AROL,399B,1,M.A.Thesis,9,0,AS,0,5,.,.,.,.,.,.,.,.,.,.,.,.,.,.,.,.,.,.,.,.,.,.,Hermann,Genz,,,
Fall 2021-2022(202210),10199,AROL,399B,2,M.A.Thesis,9,0,AS,1,4,.,.,.,.,.,.,.,.,.,.,.,.,.,.,.,.,.,.,.,.,.,.,Helene,Sader,,,
Fall 2021-2022(202210),10200,AROL,399B,3,M.A.Thesis,9,0,AS,0,5,.,.,.,.,.,.,.,.,.,.,.,.,.,.,.,.,.,.,.,.,.,.,Paul Graham,Newson,,,
Fall 2021-2022(202210),13401,AROL,399C,1,M.A.Thesis,9,0,AS,1,4,.,.,.,.,.,.,.,.,.,.,.,.,.,.,.,.,.,.,.,.,.,.,Paul Graham,Newson,,,
Fall 2021-2022(202210),10201,AVSC,220,1,Livestock Production,3,3,AG,12,0,0900,1015,AGRIC,203,M,.,W,.,.,.,.,.,.,.,.,.,.,.,.,.,.,.,Mohamad Talal,Farran,,,
Fall 2021-2022(202210),10202,AVSC,243,1,Genetics,3,3,AG,15,0,0845,0958,AGRIC,325,M,.,W,.,.,.,.,.,.,.,.,.,.,.,.,.,.,.,Walid,El Kayal,,,
Fall 2021-2022(202210),10203,AVSC,271,1,Animal Nutrition,3,3,AG,19,-4,1300,1415,AGRIC,310,M,.,W,.,.,.,.,.,.,.,.,.,.,.,.,.,.,.,Mohamad Talal,Farran,,,
Fall 2021-2022(202210),10204,AVSC,275,1,Anat & Physl of Farm Animals,3,3,AG,22,3,0845,0958,.,.,.,T,.,R,.,.,.,.,.,.,.,.,.,.,.,.,.,.,Lina,Jaber,,,
Fall 2021-2022(202210),10205,AVSC,281,1,Product.of Novel Avian Species,3,3,AG,13,-1,1100,1215,AGRIC,310,M,.,W,.,.,.,.,.,.,.,.,.,.,.,.,.,.,.,Mohamad Talal,Farran,,,
Fall 2021-2022(202210),13284,AVSC,305,1,Poultry Diseases,3,3,AG,4,2,1400,1650,.,.,.,T,.,.,.,.,.,.,.,.,.,.,.,.,.,.,.,.,Houssam,Shaib,,,
Fall 2021-2022(202210),10206,AVSC,334,1,Advanced Poultry Nutrition,3,3,AG,2,8,1200,1500,AGRIC,201,.,T,.,.,.,.,.,.,.,.,.,.,.,.,.,.,.,.,Mohamad Talal,Farran,,,
Fall 2021-2022(202210),10207,AVSC,395,1,Grad.Sem. in Animal Science,1,1,AG,0,5,1300,1350,AGRIC,325,.,T,.,.,.,.,.,.,.,.,.,.,.,.,.,.,.,.,Lina,Jaber,,,
Fall 2021-2022(202210),10208,AVSC,399A,1,M.S.Thesis,9,0,AG,0,2,.,.,.,.,.,.,.,.,.,.,.,.,.,.,.,.,.,.,.,.,.,.,Mohamad Talal,Farran,,,
Fall 2021-2022(202210),10209,AVSC,399B,1,M.S.Thesis,9,0,AG,1,4,.,.,.,.,.,.,.,.,.,.,.,.,.,.,.,.,.,.,.,.,.,.,Mohamad Talal,Farran,,,
Fall 2021-2022(202210),10210,AVSC,399C,1,M.S.Thesis,9,0,AG,0,5,.,.,.,.,.,.,.,.,.,.,.,.,.,.,.,.,.,.,.,.,.,.,Mohamad Talal,Farran,,,
Spring 2021-2022(202220),20015,ACCT,210,1,Financial Accounting,3,3,SB,1,34,0800,0915,OSB,226,M,.,W,.,.,.,.,.,.,.,.,.,.,.,.,.,.,.,.,STAFF,,,
Spring 2021-2022(202220),20016,ACCT,210,2,Financial Accounting,3,3,SB,1,34,0930,1045,OSB,227,M,.,W,.,.,.,.,.,.,.,.,.,.,.,.,.,.,.,.,STAFF,,,
Spring 2021-2022(202220),20017,ACCT,210,3,Financial Accounting,3,3,SB,3,32,1530,1645,OSB,227,.,T,.,R,.,.,.,.,.,.,.,.,.,.,.,.,.,.,Abdeljalil,Ghanem,,,
Spring 2021-2022(202220),20018,ACCT,210,4,Financial Accounting,3,3,SB,3,32,1100,1215,OSB,241,M,.,W,.,.,.,.,.,.,.,.,.,.,.,.,.,.,.,.,STAFF,,,
Spring 2021-2022(202220),20019,ACCT,210,5,Financial Accounting,3,3,SB,11,24,0930,1045,OSB,238,.,T,.,R,.,.,.,.,.,.,.,.,.,.,.,.,.,.,Sana,El Hajj,,,
Spring 2021-2022(202220),20020,ACCT,210,6,Financial Accounting,3,3,SB,8,27,1100,1215,OSB,216,.,T,.,R,.,.,.,.,.,.,.,.,.,.,.,.,.,.,Sana,El Hajj,,,
Spring 2021-2022(202220),20021,ACCT,210,7,Financial Accounting,3,3,SB,0,0,1400,1515,OSB,238,.,T,.,R,.,.,.,.,.,.,.,.,.,.,.,.,.,.,.,STAFF,,,
Spring 2021-2022(202220),20022,ACCT,215,1,Management Accounting,3,3,SB,35,0,1230,1345,OSB,236,M,.,W,.,.,.,.,.,.,.,.,.,.,.,.,.,.,.,Rania,Uwaydah Mardini,,,
Spring 2021-2022(202220),20023,ACCT,215,2,Management Accounting,3,3,SB,29,6,1230,1345,OSB,238,.,T,.,R,.,.,.,.,.,.,.,.,.,.,.,.,.,.,Rania,Uwaydah Mardini,,,
Spring 2021-2022(202220),20024,ACCT,215,3,Management Accounting,3,3,SB,16,19,0930,1045,OSB,227,.,T,.,R,.,.,.,.,.,.,.,.,.,.,.,.,.,.,Mohamad,Mazboudi,,,
Spring 2021-2022(202220),20025,ACCT,215,4,Management Accounting,3,3,SB,35,0,1100,1215,OSB,241,.,T,.,R,.,.,.,.,.,.,.,.,.,.,.,.,.,.,Mohamad,Mazboudi,,,
Spring 2021-2022(202220),20026,ACCT,215,5,Management Accounting,3,3,SB,17,18,1400,1515,OSB,216,.,T,.,R,.,.,.,.,.,.,.,.,.,.,.,.,.,.,Rania,Uwaydah Mardini,,,
Spring 2021-2022(202220),20027,ACCT,221,1,Intermed. Financial Account. I,3,3,SB,7,28,1400,1515,OSB,227,.,T,.,R,.,.,.,.,.,.,.,.,.,.,.,.,.,.,Abdeljalil,Ghanem,,,
Spring 2021-2022(202220),20028,ACCT,222,1,Cost Accounting,3,3,SB,0,0,.,.,.,.,.,.,.,.,.,.,.,.,.,.,.,.,.,.,.,.,.,.,.,STAFF,,,
Spring 2021-2022(202220),20029,ACCT,223,1,Intermed.Financial Account.II,3,3,SB,6,29,1230,1345,OSB,227,.,T,.,R,.,.,.,.,.,.,.,.,.,.,.,.,.,.,Abdeljalil,Ghanem,,,
Spring 2021-2022(202220),20030,ACCT,230,1,Intr.to External Auditing,3,3,SB,16,19,1100,1215,OSB,236,.,T,.,R,.,.,.,.,.,.,.,.,.,.,.,.,.,.,Abdeljalil,Ghanem,,,
Spring 2021-2022(202220),22862,ACCT,235,1,Taxation,3,3,SB,9,26,1400,1515,OSB,226,M,.,W,.,.,.,.,.,.,.,.,.,.,.,.,.,.,.,Rania,Uwaydah Mardini,,,
Spring 2021-2022(202220),20031,ACCT,250R,1,Financial Statements Analysis,3,3,SB,0,0,.,.,.,.,.,.,.,.,.,.,.,.,.,.,.,.,.,.,.,.,.,.,.,STAFF,,,
Spring 2021-2022(202220),20032,AGBU,213,1,Legal Aspects of Agribusiness,3,3,AG,11,1,0900,0950,AGRIC,211,M,.,W,.,F,.,.,.,.,.,.,.,.,.,.,.,.,.,Hachem,El Housseini,,,
Spring 2021-2022(202220),20033,AGBU,240,1,Career Plann.Worksh.for Agribu,0,0,AG,3,12,0900,1055,.,.,.,.,.,.,F,.,.,.,.,.,.,.,.,.,.,.,.,.,Makram,Bou Nassar,,,
Spring 2021-2022(202220),20034,AGBU,255,1,Field Study of Rural Agro-Econ,3,3,AG,12,8,0900,0950,AGRIC,203,M,.,W,.,.,.,.,1400,1450,.,.,M,.,.,.,.,.,.,Youssef,Doughan,,,
Spring 2021-2022(202220),20035,AGBU,292,1,Agribusiness Final Year Projec,5,5,AG,1,19,1500,1730,AGRIC,211,M,.,.,.,.,.,.,.,.,.,.,.,.,.,.,.,.,.,Youssef,Doughan,,,
Spring 2021-2022(202220),20036,AGSC,201,1,Orientat.to Agr.& Food Systems,2,2,AG,25,0,0900,0950,AGRIC,205,M,.,W,.,.,.,.,.,.,.,.,.,.,.,.,.,.,.,Lina,Jaber,,,
Spring 2021-2022(202220),20037,AGSC,202,1,Intr.to Land and Water Resourc,3,3,AG,14,6,1000,1050,AGRIC,211,.,T,.,R,.,.,.,1400,1654,AGRIC,509,.,.,.,R,.,.,.,Sandra,Yanni,,,
Spring 2021-2022(202220),20038,AGSC,203,1,Crop Production and Protection,3,3,AG,20,0,0900,0950,AGRIC,203,.,T,.,R,.,.,.,1300,1559,AGRIC,503,.,T,.,.,.,.,.,Youssef,Abou Jawdeh,,,
Spring 2021-2022(202220),20039,AGSC,205,1,The Food Odyssey,3,3,AG,25,0,1000,1115,AGRIC,102,M,.,W,.,.,.,.,.,.,.,.,.,.,.,.,.,.,.,Shady,Hamadeh,,,
Spring 2021-2022(202220),20040,AGSC,206,1,Agriculture & the Environment,3,3,AG,15,10,1200,1315,AGRIC,205,.,T,.,R,.,.,.,.,.,.,.,.,.,.,.,.,.,.,Sandra,Yanni,,,
Spring 2021-2022(202220),20041,AGSC,212,1,Microecono.Th.of Food& Farming,3,3,AG,16,14,1200,1250,AGRIC,102,M,.,W,.,.,.,.,1600,1650,AGRIC,205,M,.,.,.,.,.,.,Ali,Chalak,,,
Spring 2021-2022(202220),20042,AGSC,212,2,Microecono.Th.of Food& Farming,3,3,AG,22,3,1100,1150,AGRIC,205,M,.,W,.,.,.,.,1300,1350,.,.,M,.,.,.,.,.,.,Youssef,Doughan,,,
Spring 2021-2022(202220),20043,AGSC,219,1,Apiculture,3,3,AG,7,8,1300,1350,AGRIC,203,.,T,.,R,.,.,.,1400,1659,AGRIC,HBL,.,T,.,.,.,.,.,Rami,Ollaik,,,
Spring 2021-2022(202220),20044,AGSC,222,1,Farm Practices,1,1,AG,14,11,0730,0930,.,.,.,T,W,R,.,.,.,.,.,.,.,.,.,.,.,.,.,.,Mustapha,Haidar,,,
Spring 2021-2022(202220),20045,AGSC,225,1,Rural Social Sys.Ag.&Rural Dev,3,3,AG,7,18,1200,1250,.,.,M,.,W,.,.,.,.,1400,1450,.,.,.,.,W,.,.,.,.,Youssef,Doughan,,,
Spring 2021-2022(202220),20046,AGSC,244,1,Agricultural Water Technolog.,3,3,AG,21,4,1000,1150,.,.,.,.,W,.,.,.,.,1300,1650,.,.,.,.,W,.,.,.,.,Hadi,Jaafar,,,
Spring 2021-2022(202220),20047,AGSC,245,1,Plant Health-II,3,3,AG,19,6,1000,1150,.,.,.,T,.,.,.,.,.,1300,1650,.,.,.,T,.,.,.,.,.,Mustapha,Haidar,,,
Spring 2021-2022(202220),20048,AGSC,246,1,Intensive Agriculture,3,3,AG,21,4,1000,1150,.,.,M,.,.,.,.,.,.,1300,1650,.,.,M,.,.,.,.,.,.,Walid,El Kayal,,,
Spring 2021-2022(202220),20049,AGSC,250,1,Horticulture/Organic Farming,3,3,AG,19,6,1000,1150,.,.,.,.,.,.,F,.,.,1300,1650,.,.,.,.,.,.,F,.,.,Lina,Jaber,,,
Spring 2021-2022(202220),20050,AGSC,253,1,Harvest & Post-Harv.Iss.&Strat,3,3,AG,12,3,1230,1345,AGRIC,211,.,T,.,R,.,.,.,.,.,.,.,.,.,.,.,.,.,.,Walid,El Kayal,,,
Spring 2021-2022(202220),20051,AGSC,272,1,Natural Control of Plant Pests,3,3,AG,1,14,1100,1150,AGRIC,203,M,.,W,.,.,.,.,1400,1650,.,.,.,.,W,.,.,.,.,Youssef,Abou Jawdeh,,,
Spring 2021-2022(202220),20052,AGSC,274,1,Agricultural Biotechnology,3,3,AG,0,15,1100,1215,AGRIC,203,.,T,.,R,.,.,.,.,.,.,.,.,.,.,.,.,.,.,Youssef,Abou Jawdeh,,,
Spring 2021-2022(202220),20053,AGSC,278,1,Floriculture,3,3,AG,0,15,1300,1350,AGRIC,211,M,.,W,.,.,.,.,1400,1655,.,.,M,.,.,.,.,.,.,George,Battikha,,,
Spring 2021-2022(202220),20054,AGSC,285,1,Post-Harvest Technology,3,3,AG,0,15,0830,0945,AGRIC,211,.,T,.,R,.,.,.,.,.,.,.,.,.,.,.,.,.,.,Walid,El Kayal,,,
Spring 2021-2022(202220),20055,AGSC,298,1,Capstone Cr:From Seed to Table,3,3,AG,2,18,1100,1150,AGRIC,310,M,.,.,.,.,.,.,.,.,.,.,.,.,.,.,.,.,.,Mustapha,Haidar,,,
Spring 2021-2022(202220),20056,AGSC,299,1,Sp.Tp.in Agricultural Science,2,2,AG,0,5,.,.,.,.,.,.,.,.,.,.,.,.,.,.,.,.,.,.,.,.,.,.,Isam,Bashour,,,
Spring 2021-2022(202220),20057,AGSC,300B,1,Graduate Tutorial,2,2,AG,0,3,.,.,.,.,.,.,.,.,.,.,.,.,.,.,.,.,.,.,.,.,.,.,Youssef,Abou Jawdeh,,,
Spring 2021-2022(202220),20058,AGSC,308,1,Plant Tiss.Cult.&Crop Improvem,3,3,AG,0,10,1300,1445,AGRIC,325,.,.,W,.,.,.,.,1500,1700,.,.,.,.,W,.,.,.,.,Walid,El Kayal,,,
Spring 2021-2022(202220),20059,AGSC,312,1,Fertilizer Technology & Use,3,3,AG,0,10,0900,1040,AGRIC,310,.,.,.,.,F,.,.,.,.,.,.,.,.,.,.,.,.,.,Isam,Bashour,,,
Spring 2021-2022(202220),22905,AGSC,328,1,Sprinkler & Micro-Irrigat.Eng.,3,3,AG,0,10,1500,1615,.,.,.,T,.,R,.,.,.,.,.,.,.,.,.,.,.,.,.,.,Hadi,Jaafar,,,
Spring 2021-2022(202220),20060,AGSC,330,1,Integrated Water Resourc.Manag,3,3,AG,0,0,.,.,.,.,.,.,.,.,.,.,.,.,.,.,.,.,.,.,.,.,.,.,.,STAFF,,,
Spring 2021-2022(202220),20061,AGSC,384,1,Polit.Econom.of Mid.East Devel,3,3,AG,1,9,0900,1015,AGRIC,310,M,.,W,.,.,.,.,.,.,.,.,.,.,.,.,.,.,.,Ali,Chalak,,,
Spring 2021-2022(202220),20062,AGSC,388,1,Integrated Pest Management,3,3,AG,0,10,1300,1415,AGRIC,310,M,.,W,.,.,.,.,.,.,.,.,.,.,.,.,.,.,.,Youssef,Abou Jawdeh,,,
Spring 2021-2022(202220),20063,AGSC,395,1,Graduate Seminar in AGSC,1,1,AG,0,10,1400,1450,AGRIC,310,.,T,.,.,.,.,.,.,.,.,.,.,.,.,.,.,.,.,Lina,Jaber,,,
Spring 2021-2022(202220),20064,AGSC,396,1,Comprehensive Exam,0,0,AG,0,3,.,.,.,.,.,.,.,.,.,.,.,.,.,.,.,.,.,.,.,.,.,.,Hadi,Jaafar,,,
Spring 2021-2022(202220),20065,AGSC,399,1,MS Thesis,9,7.21,AG,0,3,.,.,.,.,.,.,.,.,.,.,.,.,.,.,.,.,.,.,.,.,.,.,Youssef,Abou Jawdeh,,,
Spring 2021-2022(202220),20066,AGSC,399,2,MS Thesis,9,7.21,AG,0,5,.,.,.,.,.,.,.,.,.,.,.,.,.,.,.,.,.,.,.,.,.,.,Ali,Chalak,,,
Spring 2021-2022(202220),20067,AGSC,399,3,MS Thesis,9,7.21,AG,0,3,.,.,.,.,.,.,.,.,.,.,.,.,.,.,.,.,.,.,.,.,.,.,Hadi,Jaafar,,,
Spring 2021-2022(202220),20068,AGSC,399A,1,MS Thesis,9,0,AG,0,3,.,.,.,.,.,.,.,.,.,.,.,.,.,.,.,.,.,.,.,.,.,.,Youssef,Abou Jawdeh,,,
Spring 2021-2022(202220),20069,AGSC,399A,2,MS Thesis,9,0,AG,0,3,.,.,.,.,.,.,.,.,.,.,.,.,.,.,.,.,.,.,.,.,.,.,Hadi,Jaafar,,,
Spring 2021-2022(202220),20070,AGSC,399B,1,MS Thesis,9,0,AG,0,5,.,.,.,.,.,.,.,.,.,.,.,.,.,.,.,.,.,.,.,.,.,.,Youssef,Abou Jawdeh,,,
Spring 2021-2022(202220),20071,AGSC,399B,2,MS Thesis,9,0,AG,0,3,.,.,.,.,.,.,.,.,.,.,.,.,.,.,.,.,.,.,.,.,.,.,Hadi,Jaafar,,,
Spring 2021-2022(202220),20072,AGSC,399C,1,MS Thesis,9,0,AG,0,5,.,.,.,.,.,.,.,.,.,.,.,.,.,.,.,.,.,.,.,.,.,.,Hadi,Jaafar,,,
Spring 2021-2022(202220),20073,AHIS,150,1,Intr.to Art History for Freshm,3,3,AS,22,0,1100,1215,NICELY,202,.,T,.,R,.,.,.,.,.,.,.,.,.,.,.,.,.,.,.,STAFF,,,
Spring 2021-2022(202220),22876,AHIS,207,1,Early Islamic Art &Architectur,3,3,AS,23,0,1530,1645,NICELY,412,.,T,.,R,.,.,.,.,.,.,.,.,.,.,.,.,.,.,Alya,Karame,,,
Spring 2021-2022(202220),20074,AHIS,208,1,Renaissance Art,3,3,AS,23,0,1400,1515,NICELY,202,M,.,W,.,.,.,.,.,.,.,.,.,.,.,.,.,.,.,Joseph Richard,Hammond,,,
Spring 2021-2022(202220),22911,AHIS,210,1,Enlightenment & Art,3,3,AS,13,10,1230,1345,NICELY,202,M,.,W,.,.,.,.,.,.,.,.,.,.,.,.,.,.,.,Joseph Richard,Hammond,,,
Spring 2021-2022(202220),20075,AHIS,225,1,Art Now,3,3,AS,24,-1,1530,1645,NICELY,202,M,.,W,.,.,.,.,.,.,.,.,.,.,.,.,.,.,.,.,STAFF,,,
Spring 2021-2022(202220),20076,AHIS,226,1,Art After the Lebanese Wars,3,3,AS,23,0,1230,1345,NICELY,202,.,T,.,R,.,.,.,.,.,.,.,.,.,.,.,.,.,.,.,STAFF,,,
Spring 2021-2022(202220),20077,AHIS,249G,1,ST:Image-Making and Religion,3,3,AS,6,14,0930,1045,NICELY,202,.,T,.,R,.,.,.,.,.,.,.,.,.,.,.,.,.,.,.,STAFF,,,
Spring 2021-2022(202220),20078,AHIS,251,1,Theories of Modern Art,3,3,AS,20,0,1400,1515,NICELY,202,.,T,.,R,.,.,.,.,.,.,.,.,.,.,.,.,.,.,Anzhela,Harutyunyan,,,
Spring 2021-2022(202220),20079,AHIS,285,1,Practices of Curating,3,3,AS,12,0,1400,1630,NICELY,202,.,.,.,.,F,.,.,.,.,.,.,.,.,.,.,.,.,.,Octavian,Esanu,,,
Spring 2021-2022(202220),22900,AHIS,302,1,Seminar:Critical Art History,3,3,AS,1,4,1600,1830,NICELY,202,.,T,.,.,.,.,.,.,.,.,.,.,.,.,.,.,.,.,Anzhela,Harutyunyan,,,
Spring 2021-2022(202220),20080,AHIS,312,1,Sem:Iss. in Modern  Contemp.,3,3,AS,1,4,1600,1829,NICELY,204,M,.,.,.,.,.,.,.,.,.,.,.,.,.,.,.,.,.,Kirsten,Scheid,,,
Spring 2021-2022(202220),22901,AHIS,325,1,Issues in Curating: Practicum,3,3,AS,1,4,1400,1630,NICELY,202,.,.,.,.,F,.,.,.,.,.,.,.,.,.,.,.,.,.,Octavian,Esanu,,,
Spring 2021-2022(202220),20081,AHIS,399,1,Graduate Thesis & Exhibition,6,7.2,AS,0,5,.,.,.,.,.,.,.,.,.,.,.,.,.,.,.,.,.,.,.,.,.,.,Anzhela,Harutyunyan,,,
Spring 2021-2022(202220),20082,AHIS,399A,1,Graduate Thesis & Exhibition,6,0,AS,0,5,.,.,.,.,.,.,.,.,.,.,.,.,.,.,.,.,.,.,.,.,.,.,Anzhela,Harutyunyan,,,
Spring 2021-2022(202220),20083,AHIS,399B,1,Graduate Thesis & Exhibition,6,0,AS,0,5,.,.,.,.,.,.,.,.,.,.,.,.,.,.,.,.,.,.,.,.,.,.,Anzhela,Harutyunyan,,,
Spring 2021-2022(202220),20084,AHIS,399C,1,Graduate Thesis & Exhibition,6,0,AS,0,5,.,.,.,.,.,.,.,.,.,.,.,.,.,.,.,.,.,.,.,.,.,.,Anzhela,Harutyunyan,,,
Spring 2021-2022(202220),20085,AMST,215,1,Intr. To American Studies,3,3,AS,10,0,1530,1645,NICELY,410,.,T,.,R,.,.,.,.,.,.,.,.,.,.,.,.,.,.,Adam John,Waterman,,,
Spring 2021-2022(202220),20086,AMST,275AO,1,ST:Survey of American Literat?,3,3,AS,0,5,1100,1215,FISK,309,.,T,.,R,.,.,.,.,.,.,.,.,.,.,.,.,.,.,Sirene,Harb,,,
Spring 2021-2022(202220),20087,AMST,275AY,1,ST. Contemporary American Lit.,3,3,AS,4,1,1400,1515,FISK,313,.,T,.,R,.,.,.,.,.,.,.,.,.,.,.,.,.,.,Sirene,Harb,,,
Spring 2021-2022(202220),20088,AMST,275AZ,1,ST. Trans.Lit: Illness&Madness,3,3,AS,1,4,1100,1215,FISK,339,.,T,.,R,.,.,.,.,.,.,.,.,.,.,.,.,.,.,Adam John,Waterman,,,
Spring 2021-2022(202220),20089,AMST,275BA,1,ST. Mod.&Con. World Theater,3,3,AS,0,5,1700,1815,NICELY,321,M,.,W,.,.,.,.,.,.,.,.,.,.,.,.,.,.,.,Robert,Myers,,,
Spring 2021-2022(202220),20090,ARAB,102,1,Readings in Arabic HeritageII,3,3,AS,23,0,0800,0850,NICELY,101,M,.,W,.,F,.,.,.,.,.,.,.,.,.,.,.,.,.,Tarif,Bazzi,,,
Spring 2021-2022(202220),20091,ARAB,201,1,Issues in Contempor.Arab Cult.,3,3,AS,23,0,0800,0915,REYNOL,533,.,T,.,R,.,.,.,.,.,.,.,.,.,.,.,.,.,.,Raghda,Nahas El-Zein,,Blended Course,
Spring 2021-2022(202220),20092,ARAB,201,2,Issues in Contempor.Arab Cult.,3,3,AS,23,0,0930,1045,REYNOL,533,.,T,.,R,.,.,.,.,.,.,.,.,.,.,.,.,.,.,Raghda,Nahas El-Zein,,Blended Course,
Spring 2021-2022(202220),20093,ARAB,201,3,Issues in Contempor.Arab Cult.,3,3,AS,23,0,1100,1215,REYNOL,533,.,T,.,R,.,.,.,.,.,.,.,.,.,.,.,.,.,.,Raghda,Nahas El-Zein,,Blended Course,
Spring 2021-2022(202220),20094,ARAB,201,4,Issues in Contempor.Arab Cult.,3,3,AS,23,0,1230,1345,REYNOL,533,M,.,W,.,.,.,.,.,.,.,.,.,.,.,.,.,.,.,Sina,Moukaled,,Blended Course,
Spring 2021-2022(202220),20095,ARAB,201,5,Issues in Contempor.Arab Cult.,3,3,AS,23,0,1400,1515,REYNOL,533,M,.,W,.,.,.,.,.,.,.,.,.,.,.,.,.,.,.,Sina,Moukaled,,Blended Course,
Spring 2021-2022(202220),20096,ARAB,201,6,Issues in Contempor.Arab Cult.,3,3,AS,23,0,1530,1645,REYNOL,533,M,.,W,.,.,.,.,.,.,.,.,.,.,.,.,.,.,.,Sina,Moukaled,,Blended Course,
Spring 2021-2022(202220),20097,ARAB,202,1,Arab Technical Writing,3,3,AS,20,0,1300,1350,NICELY,105,M,.,W,.,F,.,.,.,.,.,.,.,.,.,.,.,.,.,Samir,Malti,,,
Spring 2021-2022(202220),20098,ARAB,202,2,Arab Technical Writing,3,3,AS,20,0,1100,1150,NICELY,105,M,.,W,.,F,.,.,.,.,.,.,.,.,.,.,.,.,.,Samir,Malti,,,
Spring 2021-2022(202220),20099,ARAB,202,3,Arab Technical Writing,3,3,AS,20,0,1200,1250,NICELY,105,M,.,W,.,F,.,.,.,.,.,.,.,.,.,.,.,.,.,Samir,Malti,,,
Spring 2021-2022(202220),20100,ARAB,203,1,Beg Arab as Foreign Lang. I,3,3,AS,2,-2,1200,1359,ADAD,209,M,.,.,.,.,.,.,1200,1329,ADAD,209,.,.,W,.,F,.,.,Rima,Sultani  Kanawaty,,,
Spring 2021-2022(202220),20101,ARAB,204,1,Beg Arabic as Foreign Lang II,3,3,AS,4,-4,1000,1159,ADAD,212,M,.,.,.,.,.,.,1000,1129,ADAD,212,.,.,W,.,F,.,.,Rima,Sultani  Kanawaty,,,
Spring 2021-2022(202220),20102,ARAB,205,1,Interm Arab as Foreign LangIII,3,3,AS,0,0,0800,0959,ADAD,212,M,.,.,.,.,.,.,0800,0929,ADAD,212,.,.,W,.,F,.,.,Rima,Semaan,,,
Spring 2021-2022(202220),20103,ARAB,206,1,Interm Arab as Foreign Lang IV,3,3,AS,0,0,1000,1159,ADAD,209,M,.,.,.,.,.,.,1000,1129,ADAD,209,.,.,W,.,F,.,.,Rima,Semaan,,,
Spring 2021-2022(202220),20104,ARAB,207,1,Advan.Arab.as Foreign Lang.I,3,3,AS,0,0,0930,1045,ADAD,212,.,T,.,R,.,.,.,.,.,.,.,.,.,.,.,.,.,.,Rima,Sultani  Kanawaty,,,
Spring 2021-2022(202220),20105,ARAB,209,1,Adv.Arab.as Foreign Lang.III,3,3,AS,1,-1,1200,1329,ADAD,212,M,.,W,.,.,.,.,.,.,.,.,.,.,.,.,.,.,.,Rima,Semaan,,,
Spring 2021-2022(202220),20107,ARAB,210A,2,Writing Prose,3,3,AS,15,0,1530,1800,NICELY,101,.,T,.,.,.,.,.,.,.,.,.,.,.,.,.,.,.,.,Rachid,El Daif,,,
Spring 2021-2022(202220),20108,ARAB,212,1,Survey of Arabic Grammar,3,3,AS,21,0,1100,1215,NICELY,101,.,T,.,R,.,.,.,.,.,.,.,.,.,.,.,.,.,.,Ramzi,Baalbaki,,,
Spring 2021-2022(202220),20112,ARAB,225,1,Translation,3,3,AS,23,0,1400,1515,NICELY,107,M,.,W,.,.,.,.,.,.,.,.,.,.,.,.,.,.,.,Sandra,El Hajj,,,
Spring 2021-2022(202220),20114,ARAB,231,1,Arabic Poetry:The Heroic Age,3,3,AS,23,0,1100,1150,NICELY,320,M,.,W,.,F,.,.,.,.,.,.,.,.,.,.,.,.,.,Najah (Hawwa),Atiyyah,,,
Spring 2021-2022(202220),20115,ARAB,232,1,Age of Conquest,Love&Nostalgia,3,3,AS,23,0,1200,1250,NICELY,320,M,.,W,.,F,.,.,.,.,.,.,.,.,.,.,.,.,.,Najah (Hawwa),Atiyyah,,,
Spring 2021-2022(202220),20117,ARAB,238,1,Modern Arabic Poetry II,3,3,AS,23,0,1530,1645,NICELY,417,.,T,.,R,.,.,.,.,.,.,.,.,.,.,.,.,.,.,Jawdat,Fakhreddine,,,
Spring 2021-2022(202220),20118,ARAB,239,1,Modern Arabic  Novel,3,3,AS,23,0,1230,1345,NICELY,107,.,T,.,R,.,.,.,.,.,.,.,.,.,.,.,.,.,.,Zeina,Halabi,,,
Spring 2021-2022(202220),20119,ARAB,243,1,Classical Arabic Prose,3,3,AS,23,0,0800,0850,NICELY,105,M,.,W,.,F,.,.,.,.,.,.,.,.,.,.,.,.,.,Najah (Hawwa),Atiyyah,,,
Spring 2021-2022(202220),20120,ARAB,243,2,Classical Arabic Prose,3,3,AS,23,0,0900,0950,NICELY,105,M,.,W,.,F,.,.,.,.,.,.,.,.,.,.,.,.,.,Najah (Hawwa),Atiyyah,,,
Spring 2021-2022(202220),20122,ARAB,246,1,Backgnd Stud Mod Arab Litr II,3,3,AS,23,0,1530,1645,NICELY,416,.,T,.,R,.,.,.,.,.,.,.,.,.,.,.,.,.,.,Maha,Abdelmegeed,,,
Spring 2021-2022(202220),20123,ARAB,247,1,Arab Classical Folk Literature,3,3,AS,23,0,1100,1215,NICELY,107,.,T,.,R,.,.,.,.,.,.,.,.,.,.,.,.,.,.,Maher,Jarrar,,,
Spring 2021-2022(202220),20124,ARAB,251AA,1,Sp.Tp: Society in Literature,3,3,AS,23,0,1000,1050,NICELY,105,M,.,W,.,F,.,.,.,.,.,.,.,.,.,.,.,.,.,Samir,Malti,,,
Spring 2021-2022(202220),20125,ARAB,251AF,1,ST History in Literature,3,3,AS,23,0,1530,1645,NICELY,411,.,T,.,R,.,.,.,.,.,.,.,.,.,.,.,.,.,.,Zeina,Halabi,,,
Spring 2021-2022(202220),20127,ARAB,251AR,1,S.T:Satire in Arab literature,3,3,AS,23,0,1400,1515,NICELY,416,.,T,.,R,.,.,.,.,.,.,.,.,.,.,.,.,.,.,Maha,Abdelmegeed,,,
Spring 2021-2022(202220),20128,ARAB,251AT,1,ST. History of Iranian Lit.,3,3,AS,25,0,1700,1815,NICELY,105,.,T,.,R,.,.,.,.,.,.,.,.,.,.,.,.,.,.,Alireza,Korangy,,,
Spring 2021-2022(202220),20129,ARAB,251W,1,Sp.Tp: Nahda in periodicals,3,3,AS,23,0,1230,1345,REYNOL,533,.,T,.,R,.,.,.,.,.,.,.,.,.,.,.,.,.,.,Raghda,Nahas El-Zein,,,
Spring 2021-2022(202220),20131,ARAB,309B,1,Intro to Arab & Islamic Stud,3,3,AS,5,0,1700,1930,COLL,406,.,.,.,R,.,.,.,.,.,.,.,.,.,.,.,.,.,.,Bilal,Orfali,,,
Spring 2021-2022(202220),20132,ARAB,395A,1,Comprehensive Exam,0,0,AS,0,0,.,.,.,.,.,.,.,.,.,.,.,.,.,.,.,.,.,.,.,.,.,.,Bilal,Orfali,,,
Spring 2021-2022(202220),20133,ARAB,399,1,M.A. Thesis,9,7.2,AS,0,5,.,.,.,.,.,.,.,.,.,.,.,.,.,.,.,.,.,.,.,.,.,.,Maha,Abdelmegeed,,,
Spring 2021-2022(202220),20134,ARAB,399,2,M.A. Thesis,9,7.2,AS,0,5,.,.,.,.,.,.,.,.,.,.,.,.,.,.,.,.,.,.,.,.,.,.,Bilal,Orfali,,,
Spring 2021-2022(202220),20135,ARAB,399,4,M.A. Thesis,9,7.2,AS,0,5,.,.,.,.,.,.,.,.,.,.,.,.,.,.,.,.,.,.,.,.,.,.,Ramzi,Baalbaki,,,
Spring 2021-2022(202220),20136,ARAB,399,5,M.A. Thesis,9,7.2,AS,0,5,.,.,.,.,.,.,.,.,.,.,.,.,.,.,.,.,.,.,.,.,.,.,Enass,Khansa,,,
Spring 2021-2022(202220),20137,ARAB,399,6,M.A. Thesis,9,7.2,AS,0,5,.,.,.,.,.,.,.,.,.,.,.,.,.,.,.,.,.,.,.,.,.,.,Zeina,Halabi,,,
Spring 2021-2022(202220),20138,ARAB,399,7,M.A. Thesis,9,7.2,AS,0,5,.,.,.,.,.,.,.,.,.,.,.,.,.,.,.,.,.,.,.,.,.,.,Maher,Jarrar,,,
Spring 2021-2022(202220),20139,ARAB,399A,1,M.A. Thesis,9,0,AS,0,5,.,.,.,.,.,.,.,.,.,.,.,.,.,.,.,.,.,.,.,.,.,.,Maha,Abdelmegeed,,,
Spring 2021-2022(202220),20140,ARAB,399A,2,M.A. Thesis,9,0,AS,0,5,.,.,.,.,.,.,.,.,.,.,.,.,.,.,.,.,.,.,.,.,.,.,Mahmoud,Al-Batal,,,
Spring 2021-2022(202220),20141,ARAB,399A,3,M.A. Thesis,9,0,AS,0,5,.,.,.,.,.,.,.,.,.,.,.,.,.,.,.,.,.,.,.,.,.,.,Ramzi,Baalbaki,,,
Spring 2021-2022(202220),20142,ARAB,399A,4,M.A. Thesis,9,0,AS,0,5,.,.,.,.,.,.,.,.,.,.,.,.,.,.,.,.,.,.,.,.,.,.,Enass,Khansa,,,
Spring 2021-2022(202220),20143,ARAB,399A,5,M.A. Thesis,9,0,AS,0,5,.,.,.,.,.,.,.,.,.,.,.,.,.,.,.,.,.,.,.,.,.,.,Bilal,Orfali,,,
Spring 2021-2022(202220),20144,ARAB,399A,6,M.A. Thesis,9,0,AS,0,5,.,.,.,.,.,.,.,.,.,.,.,.,.,.,.,.,.,.,.,.,.,.,Zeina,Halabi,,,
Spring 2021-2022(202220),20145,ARAB,399A,7,M.A. Thesis,9,0,AS,0,5,.,.,.,.,.,.,.,.,.,.,.,.,.,.,.,.,.,.,.,.,.,.,Maher,Jarrar,,,
Spring 2021-2022(202220),20146,ARAB,399B,1,M.A.Thesis,9,0,AS,0,5,.,.,.,.,.,.,.,.,.,.,.,.,.,.,.,.,.,.,.,.,.,.,Bilal,Orfali,,,
Spring 2021-2022(202220),20147,ARAB,399B,2,M.A.Thesis,9,0,AS,1,4,.,.,.,.,.,.,.,.,.,.,.,.,.,.,.,.,.,.,.,.,.,.,Maha,Abdelmegeed,,,
Spring 2021-2022(202220),20148,ARAB,399B,3,M.A.Thesis,9,0,AS,0,5,.,.,.,.,.,.,.,.,.,.,.,.,.,.,.,.,.,.,.,.,.,.,Mahmoud,Al-Batal,,,
Spring 2021-2022(202220),20149,ARAB,399B,4,M.A.Thesis,9,0,AS,0,5,.,.,.,.,.,.,.,.,.,.,.,.,.,.,.,.,.,.,.,.,.,.,Ramzi,Baalbaki,,,
Spring 2021-2022(202220),20150,ARAB,399B,5,M.A.Thesis,9,0,AS,0,5,.,.,.,.,.,.,.,.,.,.,.,.,.,.,.,.,.,.,.,.,.,.,Enass,Khansa,,,
Spring 2021-2022(202220),20151,ARAB,399B,6,M.A.Thesis,9,0,AS,0,5,.,.,.,.,.,.,.,.,.,.,.,.,.,.,.,.,.,.,.,.,.,.,Zeina,Halabi,,,
Spring 2021-2022(202220),20152,ARAB,399B,7,M.A.Thesis,9,0,AS,0,5,.,.,.,.,.,.,.,.,.,.,.,.,.,.,.,.,.,.,.,.,.,.,Maher,Jarrar,,,
Spring 2021-2022(202220),20153,ARAB,399C,1,M.A.Thesis,9,0,AS,0,5,.,.,.,.,.,.,.,.,.,.,.,.,.,.,.,.,.,.,.,.,.,.,Maher,Jarrar,,,
Spring 2021-2022(202220),20154,ARAB,399C,2,M.A.Thesis,9,0,AS,0,5,.,.,.,.,.,.,.,.,.,.,.,.,.,.,.,.,.,.,.,.,.,.,Maha,Abdelmegeed,,,
Spring 2021-2022(202220),20155,ARAB,399C,3,M.A.Thesis,9,0,AS,0,5,.,.,.,.,.,.,.,.,.,.,.,.,.,.,.,.,.,.,.,.,.,.,Mahmoud,Al-Batal,,,
Spring 2021-2022(202220),20156,ARAB,399C,4,M.A.Thesis,9,0,AS,0,5,.,.,.,.,.,.,.,.,.,.,.,.,.,.,.,.,.,.,.,.,.,.,Ramzi,Baalbaki,,,
Spring 2021-2022(202220),20157,ARAB,399C,5,M.A.Thesis,9,0,AS,0,5,.,.,.,.,.,.,.,.,.,.,.,.,.,.,.,.,.,.,.,.,.,.,Enass,Khansa,,,
Spring 2021-2022(202220),20158,ARAB,399C,6,M.A.Thesis,9,0,AS,0,5,.,.,.,.,.,.,.,.,.,.,.,.,.,.,.,.,.,.,.,.,.,.,Zeina,Halabi,,,
Spring 2021-2022(202220),20159,ARAB,399C,7,M.A.Thesis,9,0,AS,0,5,.,.,.,.,.,.,.,.,.,.,.,.,.,.,.,.,.,.,.,.,.,.,Bilal,Orfali,,,
Spring 2021-2022(202220),20160,ARAB,480,1,Qualifying Exam I:Compr.Exam,0,0,AS,0,5,.,.,.,.,.,.,.,.,.,.,.,.,.,.,.,.,.,.,.,.,.,.,Bilal,Orfali,,,
Spring 2021-2022(202220),20161,ARAB,481,1,Qual.Exam II:Def.Thesis Prop.,0,0,AS,0,5,.,.,.,.,.,.,.,.,.,.,.,.,.,.,.,.,.,.,.,.,.,.,Bilal,Orfali,,,
Spring 2021-2022(202220),20162,ARAB,484,1,PhD Thesis,30,0,AS,0,3,.,.,.,.,.,.,.,.,.,.,.,.,.,.,.,.,.,.,.,.,.,.,Bilal,Orfali,,,
Spring 2021-2022(202220),20163,ARAB,484,2,PhD Thesis,30,0,AS,0,3,.,.,.,.,.,.,.,.,.,.,.,.,.,.,.,.,.,.,.,.,.,.,Maha,Abdelmegeed,,,
Spring 2021-2022(202220),20164,ARAB,484,3,PhD Thesis,30,0,AS,0,3,.,.,.,.,.,.,.,.,.,.,.,.,.,.,.,.,.,.,.,.,.,.,Mahmoud,Al-Batal,,,
Spring 2021-2022(202220),20165,ARAB,484,4,PhD Thesis,30,0,AS,0,3,.,.,.,.,.,.,.,.,.,.,.,.,.,.,.,.,.,.,.,.,.,.,Ramzi,Baalbaki,,,
Spring 2021-2022(202220),20166,ARAB,484,5,PhD Thesis,30,0,AS,1,2,.,.,.,.,.,.,.,.,.,.,.,.,.,.,.,.,.,.,.,.,.,.,Zeina,Halabi,,,
Spring 2021-2022(202220),20167,ARAB,484,6,PhD Thesis,30,0,AS,0,3,.,.,.,.,.,.,.,.,.,.,.,.,.,.,.,.,.,.,.,.,.,.,Enass,Khansa,,,
Spring 2021-2022(202220),20168,ARAB,484,7,PhD Thesis,30,0,AS,0,3,.,.,.,.,.,.,.,.,.,.,.,.,.,.,.,.,.,.,.,.,.,.,Maher,Jarrar,,,
Spring 2021-2022(202220),20169,ARAB,484A,1,PhD Thesis,0,0,AS,0,5,.,.,.,.,.,.,.,.,.,.,.,.,.,.,.,.,.,.,.,.,.,.,Bilal,Orfali,,,
Spring 2021-2022(202220),20170,ARAB,484A,2,PhD Thesis,0,0,AS,0,5,.,.,.,.,.,.,.,.,.,.,.,.,.,.,.,.,.,.,.,.,.,.,Maha,Abdelmegeed,,,
Spring 2021-2022(202220),20171,ARAB,484A,3,PhD Thesis,0,0,AS,0,5,.,.,.,.,.,.,.,.,.,.,.,.,.,.,.,.,.,.,.,.,.,.,Mahmoud,Al-Batal,,,
Spring 2021-2022(202220),20172,ARAB,484A,4,PhD Thesis,0,0,AS,0,5,.,.,.,.,.,.,.,.,.,.,.,.,.,.,.,.,.,.,.,.,.,.,Ramzi,Baalbaki,,,
Spring 2021-2022(202220),20173,ARAB,484A,5,PhD Thesis,0,0,AS,0,5,.,.,.,.,.,.,.,.,.,.,.,.,.,.,.,.,.,.,.,.,.,.,Enass,Khansa,,,
Spring 2021-2022(202220),20174,ARAB,484A,6,PhD Thesis,0,0,AS,0,5,.,.,.,.,.,.,.,.,.,.,.,.,.,.,.,.,.,.,.,.,.,.,Zeina,Halabi,,,
Spring 2021-2022(202220),20175,ARAB,484A,7,PhD Thesis,0,0,AS,0,5,.,.,.,.,.,.,.,.,.,.,.,.,.,.,.,.,.,.,.,.,.,.,Maher,Jarrar,,,
Spring 2021-2022(202220),20176,ARAB,484B,1,PhD Thesis,30,0,AS,0,3,.,.,.,.,.,.,.,.,.,.,.,.,.,.,.,.,.,.,.,.,.,.,Maha,Abdelmegeed,,,
Spring 2021-2022(202220),20177,ARAB,484B,2,PhD Thesis,30,0,AS,0,3,.,.,.,.,.,.,.,.,.,.,.,.,.,.,.,.,.,.,.,.,.,.,Mahmoud,Al-Batal,,,
Spring 2021-2022(202220),20178,ARAB,484B,3,PhD Thesis,30,0,AS,0,3,.,.,.,.,.,.,.,.,.,.,.,.,.,.,.,.,.,.,.,.,.,.,Ramzi,Baalbaki,,,
Spring 2021-2022(202220),20179,ARAB,484B,4,PhD Thesis,30,0,AS,0,3,.,.,.,.,.,.,.,.,.,.,.,.,.,.,.,.,.,.,.,.,.,.,Enass,Khansa,,,
Spring 2021-2022(202220),20180,ARAB,484B,5,PhD Thesis,30,0,AS,0,3,.,.,.,.,.,.,.,.,.,.,.,.,.,.,.,.,.,.,.,.,.,.,Zeina,Halabi,,,
Spring 2021-2022(202220),20181,ARAB,484B,6,PhD Thesis,30,0,AS,0,3,.,.,.,.,.,.,.,.,.,.,.,.,.,.,.,.,.,.,.,.,.,.,Bilal,Orfali,,,
Spring 2021-2022(202220),20182,ARAB,484B,7,PhD Thesis,30,0,AS,0,3,.,.,.,.,.,.,.,.,.,.,.,.,.,.,.,.,.,.,.,.,.,.,Maher,Jarrar,,,
Spring 2021-2022(202220),20183,ARAB,484C,1,PhD Thesis,30,0,AS,0,3,.,.,.,.,.,.,.,.,.,.,.,.,.,.,.,.,.,.,.,.,.,.,Maha,Abdelmegeed,,,
Spring 2021-2022(202220),20184,ARAB,484C,2,PhD Thesis,30,0,AS,0,3,.,.,.,.,.,.,.,.,.,.,.,.,.,.,.,.,.,.,.,.,.,.,Mahmoud,Al-Batal,,,
Spring 2021-2022(202220),20185,ARAB,484C,3,PhD Thesis,30,0,AS,0,3,.,.,.,.,.,.,.,.,.,.,.,.,.,.,.,.,.,.,.,.,.,.,Ramzi,Baalbaki,,,
Spring 2021-2022(202220),20186,ARAB,484C,4,PhD Thesis,30,0,AS,0,3,.,.,.,.,.,.,.,.,.,.,.,.,.,.,.,.,.,.,.,.,.,.,Zeina,Halabi,,,
Spring 2021-2022(202220),20187,ARAB,484C,5,PhD Thesis,30,0,AS,0,3,.,.,.,.,.,.,.,.,.,.,.,.,.,.,.,.,.,.,.,.,.,.,Bilal,Orfali,,,
Spring 2021-2022(202220),20188,ARAB,484C,6,PhD Thesis,30,0,AS,0,3,.,.,.,.,.,.,.,.,.,.,.,.,.,.,.,.,.,.,.,.,.,.,Maher,Jarrar,,,
Spring 2021-2022(202220),20189,ARAB,484C,7,PhD Thesis,30,0,AS,0,3,.,.,.,.,.,.,.,.,.,.,.,.,.,.,.,.,.,.,.,.,.,.,Enass,Khansa,,,
Spring 2021-2022(202220),22893,ARCH,065,1,Architecture & Culture,3,3,EA,20,0,1500,1800,.,.,.,T,.,.,.,.,.,.,.,.,.,.,.,.,.,.,.,.,.,STAFF,,,
Spring 2021-2022(202220),22894,ARCH,073,1,Sustainable Built Environments,3,3,EA,6,4,1100,1220,.,.,.,T,.,R,.,.,.,.,.,.,.,.,.,.,.,.,.,.,.,STAFF,,,
Spring 2021-2022(202220),20190,ARCH,101,1,Architecture Design I,6,6,EA,28,22,1400,1800,.,.,M,.,W,.,F,.,.,.,.,.,.,.,.,.,.,.,.,.,.,STAFF,,,
Spring 2021-2022(202220),20191,ARCH,112,1,Drawing II Archit.Representat,3,3,EA,21,4,0800,1050,.,.,.,T,.,.,.,.,.,0930,1220,.,.,.,.,.,.,F,.,.,.,STAFF,,,
Spring 2021-2022(202220),22903,ARCH,112,2,Drawing II Archit.Representat,3,3,EA,22,3,0930,1220,.,.,.,.,.,.,F,.,.,1100,1350,.,.,.,T,.,.,.,.,.,.,STAFF,,,
Spring 2021-2022(202220),20192,ARCH,122,1,Hist.of Art &Architecture II,3,3,EA,78,7,0900,1020,MAMC,ELH,M,.,W,.,.,.,.,.,.,.,.,.,.,.,.,.,.,.,.,STAFF,,,
Spring 2021-2022(202220),20193,ARCH,151,1,Statics & Mechanics of Solids,3,3,EA,39,11,1100,1220,IOEC,224B,M,.,W,.,.,.,.,.,.,.,.,.,.,.,.,.,.,.,Amer,Elsouri,,,
Spring 2021-2022(202220),20194,ARCH,203,1,Architecture Design III,6,6,EA,24,6,1400,1800,.,.,M,.,W,.,F,.,.,.,.,.,.,.,.,.,.,.,.,.,.,STAFF,,,
Spring 2021-2022(202220),20195,ARCH,231,1,Contemporary Architecture,3,3,EA,22,13,0900,1200,MAMC,207,.,.,W,.,.,.,.,.,.,.,.,.,.,.,.,.,.,.,.,STAFF,,,
Spring 2021-2022(202220),20196,ARCH,243,1,Building Construction II,3,3,EA,28,6,1400,1600,BECHTA,209,.,T,.,R,.,.,.,.,.,.,.,.,.,.,.,.,.,.,Sany,Jamal,,,
Spring 2021-2022(202220),20197,ARCH,353,1,Environm.II Building Systems,3,3,EA,0,37,1230,1350,MAMC,207,.,T,.,R,.,.,.,.,.,.,.,.,.,.,.,.,.,.,.,STAFF,,,
Spring 2021-2022(202220),20198,ARCH,432,1,Urbanism,3,3,EA,21,17,0930,1050,.,.,M,.,W,.,.,.,.,.,.,.,.,.,.,.,.,.,.,.,.,STAFF,,,
Spring 2021-2022(202220),20199,ARCH,461,1,Professional Practice I,3,3,EA,11,25,1100,1220,BECHTA,208,M,.,.,.,F,.,.,.,.,.,.,.,.,.,.,.,.,.,.,STAFF,,,
Spring 2021-2022(202220),20200,ARCH,509,1,Design Thesis II,6,6,EA,7,20,0800,0850,.,.,.,.,.,.,.,S,.,.,.,.,.,.,.,.,.,.,.,.,Sinan,Hassan,,,
Spring 2021-2022(202220),20201,ARCH,690,1,Special Topics in Architecture,3,3,EA,0,0,.,.,.,.,.,.,.,.,.,.,.,.,.,.,.,.,.,.,.,.,.,.,.,STAFF,,,
Spring 2021-2022(202220),20202,AROL,101,1,Introduction to Archaeology,3,3,AS,25,0,0930,1045,POST,207,.,T,.,R,.,.,.,.,.,.,.,.,.,.,.,.,.,.,Jack,Nurpetlian,,,
Spring 2021-2022(202220),20203,AROL,101,2,Introduction to Archaeology,3,3,AS,25,0,1100,1215,POST,207,.,T,.,R,.,.,.,.,.,.,.,.,.,.,.,.,.,.,Jack,Nurpetlian,,,
Spring 2021-2022(202220),20204,AROL,212,1,Methodology II,3,3,AS,25,0,1230,1345,POST,207,.,T,.,R,.,.,.,.,.,.,.,.,.,.,.,.,.,.,Jack,Nurpetlian,,,
Spring 2021-2022(202220),20205,AROL,212,2,Methodology II,3,3,AS,25,0,1400,1515,NICELY,324,.,T,.,R,.,.,.,.,.,.,.,.,.,.,.,.,.,.,Jack,Nurpetlian,,,
Spring 2021-2022(202220),20206,AROL,214,1,The Human Story II,3,3,AS,25,0,0800,0850,POST,207,M,.,W,.,F,.,.,.,.,.,.,.,.,.,.,.,.,.,Hermann,Genz,,,
Spring 2021-2022(202220),20207,AROL,222,1,Introduction to Greek Arch.,3,3,AS,25,0,1100,1215,NICELY,324,.,T,.,R,.,.,.,.,.,.,.,.,.,.,.,.,.,.,Paul Graham,Newson,,,
Spring 2021-2022(202220),20208,AROL,235AG,1,ST:Warfare in Ancient NearEast,3,3,AS,25,0,1500,1615,POST,207,.,.,W,.,F,.,.,.,.,.,.,.,.,.,.,.,.,.,Hermann,Genz,,,
Spring 2021-2022(202220),20209,AROL,237,1,Plants & People in the Past,3,3,AS,17,8,1700,1815,NICELY,324,.,T,.,R,.,.,.,.,.,.,.,.,.,.,.,.,.,.,Claire Joanna,Malleson,,,
Spring 2021-2022(202220),20210,AROL,240,1,Introduction to Ancient Egypt,3,3,AS,25,0,1530,1645,NICELY,324,.,T,.,R,.,.,.,.,.,.,.,.,.,.,.,.,.,.,Claire Joanna,Malleson,,,
Spring 2021-2022(202220),20211,AROL,305A,1,Pottery in Archaeology,3,3,AS,1,4,1500,1730,COLL,454,M,.,.,.,.,.,.,.,.,.,.,.,.,.,.,.,.,.,Hermann,Genz,,,
Spring 2021-2022(202220),20212,AROL,395A,1,Comprehensive Exam,0,0,AS,0,0,.,.,.,.,.,.,.,.,.,.,.,.,.,.,.,.,.,.,.,.,.,.,Hermann,Genz,,,
Spring 2021-2022(202220),20213,AROL,399,1,M.A Thesis.,9,7.2,AS,0,5,.,.,.,.,.,.,.,.,.,.,.,.,.,.,.,.,.,.,.,.,.,.,Hermann,Genz,,,
Spring 2021-2022(202220),20214,AROL,399,2,M.A Thesis.,9,7.2,AS,0,5,.,.,.,.,.,.,.,.,.,.,.,.,.,.,.,.,.,.,.,.,.,.,Helene,Sader,,,
Spring 2021-2022(202220),20215,AROL,399,3,M.A Thesis.,9,7.2,AS,0,5,.,.,.,.,.,.,.,.,.,.,.,.,.,.,.,.,.,.,.,.,.,.,Paul Graham,Newson,,,
Spring 2021-2022(202220),20216,AROL,399,4,M.A Thesis.,9,7.2,AS,0,5,.,.,.,.,.,.,.,.,.,.,.,.,.,.,.,.,.,.,.,.,.,.,Claire Joanna,Malleson,,,
Spring 2021-2022(202220),20217,AROL,399A,1,M.A.Thesis,9,0,AS,0,5,.,.,.,.,.,.,.,.,.,.,.,.,.,.,.,.,.,.,.,.,.,.,Hermann,Genz,,,
Spring 2021-2022(202220),20218,AROL,399A,2,M.A.Thesis,9,0,AS,0,5,.,.,.,.,.,.,.,.,.,.,.,.,.,.,.,.,.,.,.,.,.,.,Helene,Sader,,,
Spring 2021-2022(202220),20219,AROL,399A,3,M.A.Thesis,9,0,AS,0,5,.,.,.,.,.,.,.,.,.,.,.,.,.,.,.,.,.,.,.,.,.,.,Paul Graham,Newson,,,
Spring 2021-2022(202220),20220,AROL,399B,1,M.A.Thesis,9,0,AS,0,5,.,.,.,.,.,.,.,.,.,.,.,.,.,.,.,.,.,.,.,.,.,.,Hermann,Genz,,,
Spring 2021-2022(202220),20221,AROL,399B,2,M.A.Thesis,9,0,AS,0,5,.,.,.,.,.,.,.,.,.,.,.,.,.,.,.,.,.,.,.,.,.,.,Paul Graham,Newson,,,
Spring 2021-2022(202220),20222,AROL,399B,3,M.A.Thesis,9,0,AS,0,5,.,.,.,.,.,.,.,.,.,.,.,.,.,.,.,.,.,.,.,.,.,.,Helene,Sader,,,
Spring 2021-2022(202220),20223,AVSC,220,1,Livestock Production,3,3,AG,13,-1,1200,1430,AGRIC,203,.,.,W,.,.,.,.,.,.,.,.,.,.,.,.,.,.,.,Mohamad,Farran,,,
Spring 2021-2022(202220),20224,AVSC,223,1,Livestock Systems,3,3,AG,16,9,1000,1157,.,.,.,.,.,R,.,.,.,1300,1659,.,.,.,.,.,R,.,.,.,Mohamad,Farran,,,
Spring 2021-2022(202220),20225,AVSC,224,1,Agricultural Microbiology,3,3,AG,15,5,1000,1050,AGRIC,203,.,T,.,R,.,.,.,1300,1559,.,.,.,.,.,R,.,.,.,Houssam,Shaib,,,
Spring 2021-2022(202220),20226,AVSC,307,1,Poultry Product.in Warm Region,3,3,AG,0,12,1400,1659,AGRIC,325,M,.,.,.,.,.,.,.,.,.,.,.,.,.,.,.,.,.,Mohamad,Farran,,,
Spring 2021-2022(202220),20227,AVSC,395,1,Grad.Sem. in Animal Science,1,1,AG,1,4,1400,1450,AGRIC,310,.,T,.,.,.,.,.,.,.,.,.,.,.,.,.,.,.,.,Lina,Jaber,,,
Spring 2021-2022(202220),20228,AVSC,399A,1,M.S.Thesis,9,0,AG,0,2,.,.,.,.,.,.,.,.,.,.,.,.,.,.,.,.,.,.,.,.,.,.,Mohamad Talal,Farran,,,
Spring 2021-2022(202220),20229,AVSC,399B,1,M.S.Thesis,9,0,AG,0,5,.,.,.,.,.,.,.,.,.,.,.,.,.,.,.,.,.,.,.,.,.,.,Mohamad,Farran,,,
